participantId,trialNumber,condition,coherence,direction,response,rt,correct,timeout,timestamp
P_1762992885024_p5b1b9,1,baseline,0.1,right,right,1783,true,false,Thu Nov 13 2025 05:45:22 GMT+0530 (India Standard Time)
P_1762992885024_p5b1b9,2,baseline,0.4,left,right,1271,false,false,Thu Nov 13 2025 05:45:24 GMT+0530 (India Standard Time)
P_1762992885024_p5b1b9,3,baseline,0.25,left,left,1243,true,false,Thu Nov 13 2025 05:45:26 GMT+0530 (India Standard Time)
P_1762992885024_p5b1b9,4,baseline,0.1,left,right,1506,false,false,Thu Nov 13 2025 05:45:28 GMT+0530 (India Standard Time)
P_1762992885024_p5b1b9,5,baseline,0.1,right,right,1193,true,false,Thu Nov 13 2025 05:45:30 GMT+0530 (India Standard Time)
P_1762992885024_p5b1b9,6,baseline,0.1,left,right,1440,false,false,Thu Nov 13 2025 05:45:33 GMT+0530 (India Standard Time)
P_1762992885024_p5b1b9,7,baseline,0.25,right,left,2292,false,false,Thu Nov 13 2025 05:45:36 GMT+0530 (India Standard Time)
P_1762992885024_p5b1b9,8,baseline,0.25,right,right,1957,true,false,Thu Nov 13 2025 05:45:38 GMT+0530 (India Standard Time)
P_1762992885024_p5b1b9,9,baseline,0.1,left,right,2596,false,false,Thu Nov 13 2025 05:45:42 GMT+0530 (India Standard Time)
P_1762992885024_p5b1b9,10,baseline,0.1,left,right,2259,false,false,Thu Nov 13 2025 05:45:45 GMT+0530 (India Standard Time)
P_1762992885024_p5b1b9,11,baseline,0.25,left,right,2515,false,false,Thu Nov 13 2025 05:45:48 GMT+0530 (India Standard Time)
P_1762992885024_p5b1b9,12,baseline,0.4,right,right,1594,true,false,Thu Nov 13 2025 05:45:51 GMT+0530 (India Standard Time)
P_1762992885024_p5b1b9,13,baseline,0.1,left,right,1120,false,false,Thu Nov 13 2025 05:45:53 GMT+0530 (India Standard Time)
P_1762992885024_p5b1b9,14,baseline,0.1,right,right,1733,true,false,Thu Nov 13 2025 05:45:55 GMT+0530 (India Standard Time)
P_1762992885024_p5b1b9,15,baseline,0.25,left,left,1744,true,false,Thu Nov 13 2025 05:45:58 GMT+0530 (India Standard Time)
P_1762992885024_p5b1b9,16,baseline,0.25,right,right,1056,true,false,Thu Nov 13 2025 05:46:00 GMT+0530 (India Standard Time)
P_1762992885024_p5b1b9,17,baseline,0.25,right,right,2958,true,false,Thu Nov 13 2025 05:46:03 GMT+0530 (India Standard Time)
P_1762992885024_p5b1b9,18,baseline,0.1,right,right,2352,true,false,Thu Nov 13 2025 05:46:06 GMT+0530 (India Standard Time)
P_1762992885024_p5b1b9,19,baseline,0.4,left,left,1029,true,false,Thu Nov 13 2025 05:46:08 GMT+0530 (India Standard Time)
P_1762992885024_p5b1b9,20,baseline,0.4,right,right,970,true,false,Thu Nov 13 2025 05:46:10 GMT+0530 (India Standard Time)
P_1762992885024_p5b1b9,21,baseline,0.25,left,left,1874,true,false,Thu Nov 13 2025 05:46:13 GMT+0530 (India Standard Time)
P_1762992885024_p5b1b9,22,baseline,0.4,right,right,1049,true,false,Thu Nov 13 2025 05:46:15 GMT+0530 (India Standard Time)
P_1762992885024_p5b1b9,23,baseline,0.25,right,left,1437,false,false,Thu Nov 13 2025 05:46:17 GMT+0530 (India Standard Time)
P_1762992885024_p5b1b9,24,baseline,0.1,left,right,1364,false,false,Thu Nov 13 2025 05:46:19 GMT+0530 (India Standard Time)
P_1762992885024_p5b1b9,25,baseline,0.25,left,left,751,true,false,Thu Nov 13 2025 05:46:21 GMT+0530 (India Standard Time)
P_1762992885024_p5b1b9,26,baseline,0.25,left,right,312,false,false,Thu Nov 13 2025 05:46:22 GMT+0530 (India Standard Time)
P_1762992885024_p5b1b9,27,baseline,0.4,right,right,288,true,false,Thu Nov 13 2025 05:46:23 GMT+0530 (India Standard Time)
P_1762992885024_p5b1b9,28,baseline,0.25,left,right,275,false,false,Thu Nov 13 2025 05:46:24 GMT+0530 (India Standard Time)
P_1762992885024_p5b1b9,29,baseline,0.4,left,right,342,false,false,Thu Nov 13 2025 05:46:25 GMT+0530 (India Standard Time)
P_1762992885024_p5b1b9,30,baseline,0.25,left,right,290,false,false,Thu Nov 13 2025 05:46:26 GMT+0530 (India Standard Time)
P_1762992885024_p5b1b9,31,baseline,0.4,right,right,12319,true,false,Thu Nov 13 2025 05:46:39 GMT+0530 (India Standard Time)
P_1762992885024_p5b1b9,32,baseline,0.1,right,left,1945,false,false,Thu Nov 13 2025 05:46:42 GMT+0530 (India Standard Time)
P_1762992885024_p5b1b9,33,baseline,0.4,left,right,463,false,false,Thu Nov 13 2025 05:46:43 GMT+0530 (India Standard Time)
P_1762992885024_p5b1b9,34,baseline,0.4,right,right,991,true,false,Thu Nov 13 2025 05:46:45 GMT+0530 (India Standard Time)
P_1762992885024_p5b1b9,35,baseline,0.1,left,left,1435,true,false,Thu Nov 13 2025 05:46:47 GMT+0530 (India Standard Time)
P_1762992885024_p5b1b9,36,baseline,0.4,left,right,1492,false,false,Thu Nov 13 2025 05:46:50 GMT+0530 (India Standard Time)
P_1762992885024_p5b1b9,37,baseline,0.4,left,right,2077,false,false,Thu Nov 13 2025 05:46:53 GMT+0530 (India Standard Time)
P_1762992885024_p5b1b9,38,baseline,0.25,right,left,494,false,false,Thu Nov 13 2025 05:46:54 GMT+0530 (India Standard Time)
P_1762992885024_p5b1b9,39,baseline,0.4,left,right,683,false,false,Thu Nov 13 2025 05:46:55 GMT+0530 (India Standard Time)
P_1762992885024_p5b1b9,40,baseline,0.1,right,left,434,false,false,Thu Nov 13 2025 05:46:57 GMT+0530 (India Standard Time)
P_1762992885024_p5b1b9,41,baseline,0.1,right,right,527,true,false,Thu Nov 13 2025 05:46:58 GMT+0530 (India Standard Time)
P_1762992885024_p5b1b9,42,baseline,0.25,right,left,479,false,false,Thu Nov 13 2025 05:46:59 GMT+0530 (India Standard Time)
P_1762992885024_p5b1b9,43,baseline,0.1,left,right,514,false,false,Thu Nov 13 2025 05:47:01 GMT+0530 (India Standard Time)
P_1762992885024_p5b1b9,44,baseline,0.1,right,left,473,false,false,Thu Nov 13 2025 05:47:02 GMT+0530 (India Standard Time)
P_1762992885024_p5b1b9,45,baseline,0.25,right,right,561,true,false,Thu Nov 13 2025 05:47:03 GMT+0530 (India Standard Time)
P_1762992885024_p5b1b9,46,baseline,0.25,left,left,1472,true,false,Thu Nov 13 2025 05:47:06 GMT+0530 (India Standard Time)
P_1762992885024_p5b1b9,47,baseline,0.4,right,right,657,true,false,Thu Nov 13 2025 05:47:07 GMT+0530 (India Standard Time)
P_1762992885024_p5b1b9,48,baseline,0.4,left,left,1283,true,false,Thu Nov 13 2025 05:47:09 GMT+0530 (India Standard Time)
P_1762992885024_p5b1b9,49,baseline,0.4,right,right,682,true,false,Thu Nov 13 2025 05:47:11 GMT+0530 (India Standard Time)
P_1762992885024_p5b1b9,50,baseline,0.1,left,left,1738,true,false,Thu Nov 13 2025 05:47:13 GMT+0530 (India Standard Time)
P_1762992885024_p5b1b9,51,baseline,0.1,left,right,749,false,false,Thu Nov 13 2025 05:47:15 GMT+0530 (India Standard Time)
P_1762992885024_p5b1b9,52,baseline,0.25,right,right,1090,true,false,Thu Nov 13 2025 05:47:17 GMT+0530 (India Standard Time)
P_1762992885024_p5b1b9,53,baseline,0.4,right,right,1299,true,false,Thu Nov 13 2025 05:47:19 GMT+0530 (India Standard Time)
P_1762992885024_p5b1b9,54,baseline,0.4,right,left,1178,false,false,Thu Nov 13 2025 05:47:21 GMT+0530 (India Standard Time)
P_1762992885024_p5b1b9,55,baseline,0.4,left,right,1237,false,false,Thu Nov 13 2025 05:47:23 GMT+0530 (India Standard Time)
P_1762992885024_p5b1b9,56,baseline,0.1,right,left,1710,false,false,Thu Nov 13 2025 05:47:25 GMT+0530 (India Standard Time)
P_1762992885024_p5b1b9,57,baseline,0.25,left,right,1145,false,false,Thu Nov 13 2025 05:47:27 GMT+0530 (India Standard Time)
P_1762992885024_p5b1b9,58,baseline,0.25,right,right,1570,true,false,Thu Nov 13 2025 05:47:30 GMT+0530 (India Standard Time)
P_1762992885024_p5b1b9,59,baseline,0.1,right,left,762,false,false,Thu Nov 13 2025 05:47:31 GMT+0530 (India Standard Time)
P_1762992885024_p5b1b9,60,baseline,0.4,left,right,1394,false,false,Thu Nov 13 2025 05:47:33 GMT+0530 (India Standard Time)
P_1762992885024_p5b1b9,61,timePressure,0.1,right,timeout,,false,true,Thu Nov 13 2025 05:47:45 GMT+0530 (India Standard Time)
P_1762992885024_p5b1b9,62,timePressure,0.4,right,right,602,true,false,Thu Nov 13 2025 05:47:47 GMT+0530 (India Standard Time)
P_1762992885024_p5b1b9,63,timePressure,0.4,right,timeout,,false,true,Thu Nov 13 2025 05:47:49 GMT+0530 (India Standard Time)
P_1762992885024_p5b1b9,64,timePressure,0.1,left,left,681,true,false,Thu Nov 13 2025 05:47:50 GMT+0530 (India Standard Time)
P_1762992885024_p5b1b9,65,timePressure,0.1,left,right,698,false,false,Thu Nov 13 2025 05:47:52 GMT+0530 (India Standard Time)
P_1762992885024_p5b1b9,66,timePressure,0.25,right,left,668,false,false,Thu Nov 13 2025 05:47:53 GMT+0530 (India Standard Time)
P_1762992885024_p5b1b9,67,timePressure,0.1,left,right,907,false,false,Thu Nov 13 2025 05:47:55 GMT+0530 (India Standard Time)
P_1762992885024_p5b1b9,68,timePressure,0.25,right,left,598,false,false,Thu Nov 13 2025 05:47:57 GMT+0530 (India Standard Time)
P_1762992885024_p5b1b9,69,timePressure,0.4,right,right,719,true,false,Thu Nov 13 2025 05:47:58 GMT+0530 (India Standard Time)
P_1762992885024_p5b1b9,70,timePressure,0.4,left,timeout,,false,true,Thu Nov 13 2025 05:48:00 GMT+0530 (India Standard Time)
P_1762992885024_p5b1b9,71,timePressure,0.25,right,timeout,,false,true,Thu Nov 13 2025 05:48:02 GMT+0530 (India Standard Time)
P_1762992885024_p5b1b9,72,timePressure,0.4,left,timeout,,false,true,Thu Nov 13 2025 05:48:04 GMT+0530 (India Standard Time)
P_1762992885024_p5b1b9,73,timePressure,0.25,left,right,883,false,false,Thu Nov 13 2025 05:48:06 GMT+0530 (India Standard Time)
P_1762992885024_p5b1b9,74,timePressure,0.25,left,left,841,true,false,Thu Nov 13 2025 05:48:07 GMT+0530 (India Standard Time)
P_1762992885024_p5b1b9,75,timePressure,0.4,right,right,368,true,false,Thu Nov 13 2025 05:48:09 GMT+0530 (India Standard Time)
P_1762992885024_p5b1b9,76,timePressure,0.4,right,left,631,false,false,Thu Nov 13 2025 05:48:10 GMT+0530 (India Standard Time)
P_1762992885024_p5b1b9,77,timePressure,0.1,right,right,436,true,false,Thu Nov 13 2025 05:48:11 GMT+0530 (India Standard Time)
P_1762992885024_p5b1b9,78,timePressure,0.4,left,left,466,true,false,Thu Nov 13 2025 05:48:13 GMT+0530 (India Standard Time)
P_1762992885024_p5b1b9,79,timePressure,0.25,right,timeout,,false,true,Thu Nov 13 2025 05:48:14 GMT+0530 (India Standard Time)
P_1762992885024_p5b1b9,80,timePressure,0.25,right,left,792,false,false,Thu Nov 13 2025 05:48:16 GMT+0530 (India Standard Time)
P_1762992885024_p5b1b9,81,timePressure,0.25,left,right,646,false,false,Thu Nov 13 2025 05:48:18 GMT+0530 (India Standard Time)
P_1762992885024_p5b1b9,82,timePressure,0.25,left,left,554,true,false,Thu Nov 13 2025 05:48:19 GMT+0530 (India Standard Time)
P_1762992885024_p5b1b9,83,timePressure,0.25,left,right,432,false,false,Thu Nov 13 2025 05:48:20 GMT+0530 (India Standard Time)
P_1762992885024_p5b1b9,84,timePressure,0.1,right,left,494,false,false,Thu Nov 13 2025 05:48:22 GMT+0530 (India Standard Time)
P_1762992885024_p5b1b9,85,timePressure,0.1,left,right,472,false,false,Thu Nov 13 2025 05:48:23 GMT+0530 (India Standard Time)
P_1762992885024_p5b1b9,86,timePressure,0.1,right,left,529,false,false,Thu Nov 13 2025 05:48:24 GMT+0530 (India Standard Time)
P_1762992885024_p5b1b9,87,timePressure,0.4,left,right,463,false,false,Thu Nov 13 2025 05:48:25 GMT+0530 (India Standard Time)
P_1762992885024_p5b1b9,88,timePressure,0.4,right,left,520,false,false,Thu Nov 13 2025 05:48:27 GMT+0530 (India Standard Time)
P_1762992885024_p5b1b9,89,timePressure,0.25,left,right,447,false,false,Thu Nov 13 2025 05:48:28 GMT+0530 (India Standard Time)
P_1762992885024_p5b1b9,90,timePressure,0.4,left,left,481,true,false,Thu Nov 13 2025 05:48:29 GMT+0530 (India Standard Time)
P_1762992885024_p5b1b9,91,timePressure,0.1,right,right,840,true,false,Thu Nov 13 2025 05:48:31 GMT+0530 (India Standard Time)
P_1762992885024_p5b1b9,92,timePressure,0.4,left,left,601,true,false,Thu Nov 13 2025 05:48:32 GMT+0530 (India Standard Time)
P_1762992885024_p5b1b9,93,timePressure,0.25,left,right,480,false,false,Thu Nov 13 2025 05:48:34 GMT+0530 (India Standard Time)
P_1762992885024_p5b1b9,94,timePressure,0.1,right,timeout,,false,true,Thu Nov 13 2025 05:48:35 GMT+0530 (India Standard Time)
P_1762992885024_p5b1b9,95,timePressure,0.1,right,timeout,,false,true,Thu Nov 13 2025 05:48:37 GMT+0530 (India Standard Time)
P_1762992885024_p5b1b9,96,timePressure,0.25,right,right,684,true,false,Thu Nov 13 2025 05:48:39 GMT+0530 (India Standard Time)
P_1762992885024_p5b1b9,97,timePressure,0.1,left,left,784,true,false,Thu Nov 13 2025 05:48:41 GMT+0530 (India Standard Time)
P_1762992885024_p5b1b9,98,timePressure,0.4,left,right,754,false,false,Thu Nov 13 2025 05:48:42 GMT+0530 (India Standard Time)
P_1762992885024_p5b1b9,99,timePressure,0.4,left,left,954,true,false,Thu Nov 13 2025 05:48:44 GMT+0530 (India Standard Time)
P_1762992885024_p5b1b9,100,timePressure,0.25,right,right,894,true,false,Thu Nov 13 2025 05:48:46 GMT+0530 (India Standard Time)
P_1762992885024_p5b1b9,101,timePressure,0.4,right,left,930,false,false,Thu Nov 13 2025 05:48:48 GMT+0530 (India Standard Time)
P_1762992885024_p5b1b9,102,timePressure,0.4,left,right,760,false,false,Thu Nov 13 2025 05:48:49 GMT+0530 (India Standard Time)
P_1762992885024_p5b1b9,103,timePressure,0.25,right,left,710,false,false,Thu Nov 13 2025 05:48:51 GMT+0530 (India Standard Time)
P_1762992885024_p5b1b9,104,timePressure,0.4,right,right,655,true,false,Thu Nov 13 2025 05:48:52 GMT+0530 (India Standard Time)
P_1762992885024_p5b1b9,105,timePressure,0.25,right,timeout,,false,true,Thu Nov 13 2025 05:48:54 GMT+0530 (India Standard Time)
P_1762992885024_p5b1b9,106,timePressure,0.25,left,right,785,false,false,Thu Nov 13 2025 05:48:56 GMT+0530 (India Standard Time)
P_1762992885024_p5b1b9,107,timePressure,0.1,right,left,838,false,false,Thu Nov 13 2025 05:48:57 GMT+0530 (India Standard Time)
P_1762992885024_p5b1b9,108,timePressure,0.4,right,right,883,true,false,Thu Nov 13 2025 05:48:59 GMT+0530 (India Standard Time)
P_1762992885024_p5b1b9,109,timePressure,0.25,right,left,755,false,false,Thu Nov 13 2025 05:49:01 GMT+0530 (India Standard Time)
P_1762992885024_p5b1b9,110,timePressure,0.1,left,right,768,false,false,Thu Nov 13 2025 05:49:02 GMT+0530 (India Standard Time)
P_1762992885024_p5b1b9,111,timePressure,0.4,right,left,823,false,false,Thu Nov 13 2025 05:49:04 GMT+0530 (India Standard Time)
P_1762992885024_p5b1b9,112,timePressure,0.1,right,right,730,true,false,Thu Nov 13 2025 05:49:05 GMT+0530 (India Standard Time)
P_1762992885024_p5b1b9,113,timePressure,0.1,left,left,915,true,false,Thu Nov 13 2025 05:49:07 GMT+0530 (India Standard Time)
P_1762992885024_p5b1b9,114,timePressure,0.1,left,right,896,false,false,Thu Nov 13 2025 05:49:09 GMT+0530 (India Standard Time)
P_1762992885024_p5b1b9,115,timePressure,0.4,left,left,528,true,false,Thu Nov 13 2025 05:49:10 GMT+0530 (India Standard Time)
P_1762992885024_p5b1b9,116,timePressure,0.1,right,right,945,true,false,Thu Nov 13 2025 05:49:12 GMT+0530 (India Standard Time)
P_1762992885024_p5b1b9,117,timePressure,0.1,left,left,792,true,false,Thu Nov 13 2025 05:49:14 GMT+0530 (India Standard Time)
P_1762992885024_p5b1b9,118,timePressure,0.1,left,timeout,,false,true,Thu Nov 13 2025 05:49:15 GMT+0530 (India Standard Time)
P_1762992885024_p5b1b9,119,timePressure,0.25,left,right,872,false,false,Thu Nov 13 2025 05:49:17 GMT+0530 (India Standard Time)
P_1762992885024_p5b1b9,120,timePressure,0.25,left,left,609,true,false,Thu Nov 13 2025 05:49:19 GMT+0530 (India Standard Time)
P_1764571000181_bnn9tm,1,baseline,0.25,left,right,1059,false,false,Mon Dec 01 2025 12:07:19 GMT+0530 (India Standard Time)
P_1764571000181_bnn9tm,2,baseline,0.4,right,right,1167,true,false,Mon Dec 01 2025 12:07:21 GMT+0530 (India Standard Time)
P_1764571000181_bnn9tm,3,baseline,0.25,right,right,724,true,false,Mon Dec 01 2025 12:07:22 GMT+0530 (India Standard Time)
P_1764571000181_bnn9tm,4,baseline,0.25,right,right,571,true,false,Mon Dec 01 2025 12:07:24 GMT+0530 (India Standard Time)
P_1764571000181_bnn9tm,5,baseline,0.1,left,right,1819,false,false,Mon Dec 01 2025 12:07:26 GMT+0530 (India Standard Time)
P_1764571000181_bnn9tm,6,baseline,0.4,right,right,900,true,false,Mon Dec 01 2025 12:07:28 GMT+0530 (India Standard Time)
P_1764571000181_bnn9tm,7,baseline,0.25,right,left,810,false,false,Mon Dec 01 2025 12:07:30 GMT+0530 (India Standard Time)
P_1764571000181_bnn9tm,8,baseline,0.25,left,right,505,false,false,Mon Dec 01 2025 12:07:31 GMT+0530 (India Standard Time)
P_1764571000181_bnn9tm,9,baseline,0.1,right,left,1191,false,false,Mon Dec 01 2025 12:07:33 GMT+0530 (India Standard Time)
P_1764571000181_bnn9tm,10,baseline,0.4,left,right,498,false,false,Mon Dec 01 2025 12:07:34 GMT+0530 (India Standard Time)
P_1764571000181_bnn9tm,11,baseline,0.1,right,right,520,true,false,Mon Dec 01 2025 12:07:36 GMT+0530 (India Standard Time)
P_1764571000181_bnn9tm,12,baseline,0.1,right,right,442,true,false,Mon Dec 01 2025 12:07:37 GMT+0530 (India Standard Time)
P_1764571000181_bnn9tm,13,baseline,0.4,left,right,441,false,false,Mon Dec 01 2025 12:07:38 GMT+0530 (India Standard Time)
P_1764571000181_bnn9tm,14,baseline,0.4,right,right,482,true,false,Mon Dec 01 2025 12:07:39 GMT+0530 (India Standard Time)
P_1764571000181_bnn9tm,15,baseline,0.25,left,right,589,false,false,Mon Dec 01 2025 12:07:41 GMT+0530 (India Standard Time)
P_1764571000181_bnn9tm,16,baseline,0.25,left,right,436,false,false,Mon Dec 01 2025 12:07:42 GMT+0530 (India Standard Time)
P_1764571000181_bnn9tm,17,baseline,0.4,left,left,895,true,false,Mon Dec 01 2025 12:07:44 GMT+0530 (India Standard Time)
P_1764571000181_bnn9tm,18,baseline,0.25,right,right,412,true,false,Mon Dec 01 2025 12:07:45 GMT+0530 (India Standard Time)
P_1764571000181_bnn9tm,19,baseline,0.1,left,right,1338,false,false,Mon Dec 01 2025 12:07:47 GMT+0530 (India Standard Time)
P_1764571000181_bnn9tm,20,baseline,0.4,left,right,713,false,false,Mon Dec 01 2025 12:07:49 GMT+0530 (India Standard Time)
P_1764571000181_bnn9tm,21,baseline,0.1,left,right,873,false,false,Mon Dec 01 2025 12:07:50 GMT+0530 (India Standard Time)
P_1764571000181_bnn9tm,21,baseline,0.1,left,right,873,false,false,Mon Dec 01 2025 12:07:50 GMT+0530 (India Standard Time)
P_1764571000181_bnn9tm,22,baseline,0.4,right,right,686,true,false,Mon Dec 01 2025 12:07:52 GMT+0530 (India Standard Time)
P_1764571000181_bnn9tm,22,baseline,0.4,right,right,686,true,false,Mon Dec 01 2025 12:07:52 GMT+0530 (India Standard Time)
P_1764571000181_bnn9tm,23,baseline,0.25,right,right,721,true,false,Mon Dec 01 2025 12:07:53 GMT+0530 (India Standard Time)
P_1764571000181_bnn9tm,23,baseline,0.25,right,right,721,true,false,Mon Dec 01 2025 12:07:53 GMT+0530 (India Standard Time)
P_1764571000181_bnn9tm,24,baseline,0.25,right,right,642,true,false,Mon Dec 01 2025 12:07:55 GMT+0530 (India Standard Time)
P_1764571000181_bnn9tm,24,baseline,0.25,right,right,642,true,false,Mon Dec 01 2025 12:07:55 GMT+0530 (India Standard Time)
P_1764571000181_bnn9tm,25,baseline,0.4,left,right,536,false,false,Mon Dec 01 2025 12:07:56 GMT+0530 (India Standard Time)
P_1764571000181_bnn9tm,25,baseline,0.4,left,right,536,false,false,Mon Dec 01 2025 12:07:56 GMT+0530 (India Standard Time)
P_1764571000181_bnn9tm,26,baseline,0.25,left,right,448,false,false,Mon Dec 01 2025 12:07:57 GMT+0530 (India Standard Time)
P_1764571000181_bnn9tm,26,baseline,0.25,left,right,448,false,false,Mon Dec 01 2025 12:07:57 GMT+0530 (India Standard Time)
P_1764571000181_bnn9tm,27,baseline,0.4,left,right,186273,false,false,Mon Dec 01 2025 12:11:04 GMT+0530 (India Standard Time)
P_1764571000181_bnn9tm,27,baseline,0.4,left,right,186273,false,false,Mon Dec 01 2025 12:11:04 GMT+0530 (India Standard Time)
P_1764571000181_bnn9tm,28,baseline,0.1,right,right,1764,true,false,Mon Dec 01 2025 12:11:07 GMT+0530 (India Standard Time)
P_1764571000181_bnn9tm,28,baseline,0.1,right,right,1764,true,false,Mon Dec 01 2025 12:11:07 GMT+0530 (India Standard Time)
P_1764571000181_bnn9tm,29,baseline,0.1,left,right,424,false,false,Mon Dec 01 2025 12:11:08 GMT+0530 (India Standard Time)
P_1764571000181_bnn9tm,29,baseline,0.1,left,right,424,false,false,Mon Dec 01 2025 12:11:08 GMT+0530 (India Standard Time)
P_1764571000181_bnn9tm,30,baseline,0.1,right,left,721,false,false,Mon Dec 01 2025 12:11:10 GMT+0530 (India Standard Time)
P_1764571000181_bnn9tm,30,baseline,0.1,right,left,721,false,false,Mon Dec 01 2025 12:11:10 GMT+0530 (India Standard Time)
P_1764571000181_bnn9tm,31,baseline,0.25,left,right,417,false,false,Mon Dec 01 2025 12:11:11 GMT+0530 (India Standard Time)
P_1764571000181_bnn9tm,31,baseline,0.25,left,right,417,false,false,Mon Dec 01 2025 12:11:11 GMT+0530 (India Standard Time)
P_1764571000181_bnn9tm,32,baseline,0.1,right,right,464,true,false,Mon Dec 01 2025 12:11:12 GMT+0530 (India Standard Time)
P_1764571000181_bnn9tm,32,baseline,0.1,right,right,464,true,false,Mon Dec 01 2025 12:11:12 GMT+0530 (India Standard Time)
P_1764571000181_bnn9tm,33,baseline,0.1,left,right,481,false,false,Mon Dec 01 2025 12:11:14 GMT+0530 (India Standard Time)
P_1764571000181_bnn9tm,33,baseline,0.1,left,right,481,false,false,Mon Dec 01 2025 12:11:14 GMT+0530 (India Standard Time)
P_1764571000181_bnn9tm,34,baseline,0.4,right,right,507,true,false,Mon Dec 01 2025 12:11:15 GMT+0530 (India Standard Time)
P_1764571000181_bnn9tm,34,baseline,0.4,right,right,507,true,false,Mon Dec 01 2025 12:11:15 GMT+0530 (India Standard Time)
P_1764571000181_bnn9tm,35,baseline,0.1,right,right,597,true,false,Mon Dec 01 2025 12:11:16 GMT+0530 (India Standard Time)
P_1764571000181_bnn9tm,35,baseline,0.1,right,right,597,true,false,Mon Dec 01 2025 12:11:16 GMT+0530 (India Standard Time)
P_1764571000181_bnn9tm,36,baseline,0.4,right,left,584,false,false,Mon Dec 01 2025 12:11:18 GMT+0530 (India Standard Time)
P_1764571000181_bnn9tm,36,baseline,0.4,right,left,584,false,false,Mon Dec 01 2025 12:11:18 GMT+0530 (India Standard Time)
P_1764571000181_bnn9tm,37,baseline,0.25,left,right,473,false,false,Mon Dec 01 2025 12:11:19 GMT+0530 (India Standard Time)
P_1764571000181_bnn9tm,37,baseline,0.25,left,right,473,false,false,Mon Dec 01 2025 12:11:19 GMT+0530 (India Standard Time)
P_1764571000181_bnn9tm,38,baseline,0.4,right,left,457,false,false,Mon Dec 01 2025 12:11:20 GMT+0530 (India Standard Time)
P_1764571000181_bnn9tm,38,baseline,0.4,right,left,457,false,false,Mon Dec 01 2025 12:11:20 GMT+0530 (India Standard Time)
P_1764571000181_bnn9tm,39,baseline,0.1,left,right,377,false,false,Mon Dec 01 2025 12:11:22 GMT+0530 (India Standard Time)
P_1764571000181_bnn9tm,39,baseline,0.1,left,right,377,false,false,Mon Dec 01 2025 12:11:22 GMT+0530 (India Standard Time)
P_1764571000181_bnn9tm,40,baseline,0.25,right,left,640,false,false,Mon Dec 01 2025 12:11:23 GMT+0530 (India Standard Time)
P_1764571000181_bnn9tm,40,baseline,0.25,right,left,640,false,false,Mon Dec 01 2025 12:11:23 GMT+0530 (India Standard Time)
P_1764571000181_bnn9tm,41,timePressure,0.25,left,timeout,,false,true,Mon Dec 01 2025 12:11:28 GMT+0530 (India Standard Time)
P_1764571000181_bnn9tm,42,timePressure,0.1,right,left,437,false,false,Mon Dec 01 2025 12:11:30 GMT+0530 (India Standard Time)
P_1764571000181_bnn9tm,43,timePressure,0.4,left,right,366,false,false,Mon Dec 01 2025 12:11:31 GMT+0530 (India Standard Time)
P_1764571000181_bnn9tm,44,timePressure,0.4,left,left,338,true,false,Mon Dec 01 2025 12:11:32 GMT+0530 (India Standard Time)
P_1764571000181_bnn9tm,45,timePressure,0.1,right,right,417,true,false,Mon Dec 01 2025 12:11:33 GMT+0530 (India Standard Time)
P_1764571000181_bnn9tm,46,timePressure,0.4,left,left,408,true,false,Mon Dec 01 2025 12:11:35 GMT+0530 (India Standard Time)
P_1764571000181_bnn9tm,47,timePressure,0.1,right,right,426,true,false,Mon Dec 01 2025 12:11:36 GMT+0530 (India Standard Time)
P_1764571000181_bnn9tm,48,timePressure,0.1,right,left,458,false,false,Mon Dec 01 2025 12:11:37 GMT+0530 (India Standard Time)
P_1764571000181_bnn9tm,49,timePressure,0.4,right,right,481,true,false,Mon Dec 01 2025 12:11:38 GMT+0530 (India Standard Time)
P_1764571000181_bnn9tm,50,timePressure,0.4,left,left,363,true,false,Mon Dec 01 2025 12:11:40 GMT+0530 (India Standard Time)
P_1764571000181_bnn9tm,51,timePressure,0.4,right,right,473,true,false,Mon Dec 01 2025 12:11:41 GMT+0530 (India Standard Time)
P_1764571000181_bnn9tm,52,timePressure,0.4,right,left,518,false,false,Mon Dec 01 2025 12:11:42 GMT+0530 (India Standard Time)
P_1764571000181_bnn9tm,53,timePressure,0.25,right,right,555,true,false,Mon Dec 01 2025 12:11:44 GMT+0530 (India Standard Time)
P_1764571000181_bnn9tm,54,timePressure,0.1,left,left,485,true,false,Mon Dec 01 2025 12:11:45 GMT+0530 (India Standard Time)
P_1764571000181_bnn9tm,55,timePressure,0.25,right,right,626,true,false,Mon Dec 01 2025 12:11:46 GMT+0530 (India Standard Time)
P_1764571000181_bnn9tm,56,timePressure,0.4,right,left,637,false,false,Mon Dec 01 2025 12:11:48 GMT+0530 (India Standard Time)
P_1764571000181_bnn9tm,57,timePressure,0.4,right,right,422,true,false,Mon Dec 01 2025 12:11:49 GMT+0530 (India Standard Time)
P_1764571000181_bnn9tm,58,timePressure,0.25,left,left,545,true,false,Mon Dec 01 2025 12:11:50 GMT+0530 (India Standard Time)
P_1764571000181_bnn9tm,59,timePressure,0.25,right,right,612,true,false,Mon Dec 01 2025 12:11:52 GMT+0530 (India Standard Time)
P_1764571000181_bnn9tm,60,timePressure,0.25,right,right,673,true,false,Mon Dec 01 2025 12:11:53 GMT+0530 (India Standard Time)
P_1764571000181_bnn9tm,61,timePressure,0.4,left,right,739,false,false,Mon Dec 01 2025 12:11:55 GMT+0530 (India Standard Time)
P_1764571000181_bnn9tm,61,timePressure,0.4,left,right,739,false,false,Mon Dec 01 2025 12:11:55 GMT+0530 (India Standard Time)
P_1764571000181_bnn9tm,62,timePressure,0.4,right,right,649,true,false,Mon Dec 01 2025 12:11:56 GMT+0530 (India Standard Time)
P_1764571000181_bnn9tm,62,timePressure,0.4,right,right,649,true,false,Mon Dec 01 2025 12:11:56 GMT+0530 (India Standard Time)
P_1764571000181_bnn9tm,63,timePressure,0.25,left,right,600,false,false,Mon Dec 01 2025 12:11:58 GMT+0530 (India Standard Time)
P_1764571000181_bnn9tm,63,timePressure,0.25,left,right,600,false,false,Mon Dec 01 2025 12:11:58 GMT+0530 (India Standard Time)
P_1764571000181_bnn9tm,64,timePressure,0.1,right,right,529,true,false,Mon Dec 01 2025 12:11:59 GMT+0530 (India Standard Time)
P_1764571000181_bnn9tm,64,timePressure,0.1,right,right,529,true,false,Mon Dec 01 2025 12:11:59 GMT+0530 (India Standard Time)
P_1764571000181_bnn9tm,65,timePressure,0.1,left,timeout,,false,true,Mon Dec 01 2025 12:12:01 GMT+0530 (India Standard Time)
P_1764571000181_bnn9tm,65,timePressure,0.1,left,timeout,,false,true,Mon Dec 01 2025 12:12:01 GMT+0530 (India Standard Time)
P_1764571000181_bnn9tm,66,timePressure,0.1,right,left,834,false,false,Mon Dec 01 2025 12:12:03 GMT+0530 (India Standard Time)
P_1764571000181_bnn9tm,66,timePressure,0.1,right,left,834,false,false,Mon Dec 01 2025 12:12:03 GMT+0530 (India Standard Time)
P_1764571000181_bnn9tm,67,timePressure,0.4,left,right,729,false,false,Mon Dec 01 2025 12:12:04 GMT+0530 (India Standard Time)
P_1764571000181_bnn9tm,67,timePressure,0.4,left,right,729,false,false,Mon Dec 01 2025 12:12:04 GMT+0530 (India Standard Time)
P_1764571000181_bnn9tm,68,timePressure,0.25,right,timeout,,false,true,Mon Dec 01 2025 12:12:06 GMT+0530 (India Standard Time)
P_1764571000181_bnn9tm,68,timePressure,0.25,right,timeout,,false,true,Mon Dec 01 2025 12:12:06 GMT+0530 (India Standard Time)
P_1764571000181_bnn9tm,69,timePressure,0.1,left,right,1000,false,false,Mon Dec 01 2025 12:12:08 GMT+0530 (India Standard Time)
P_1764571000181_bnn9tm,69,timePressure,0.1,left,right,1000,false,false,Mon Dec 01 2025 12:12:08 GMT+0530 (India Standard Time)
P_1764571000181_bnn9tm,70,timePressure,0.1,left,left,749,true,false,Mon Dec 01 2025 12:12:10 GMT+0530 (India Standard Time)
P_1764571000181_bnn9tm,70,timePressure,0.1,left,left,749,true,false,Mon Dec 01 2025 12:12:10 GMT+0530 (India Standard Time)
P_1764571000181_bnn9tm,71,timePressure,0.25,left,right,409,false,false,Mon Dec 01 2025 12:12:11 GMT+0530 (India Standard Time)
P_1764571000181_bnn9tm,71,timePressure,0.25,left,right,409,false,false,Mon Dec 01 2025 12:12:11 GMT+0530 (India Standard Time)
P_1764571000181_bnn9tm,72,timePressure,0.25,right,right,651,true,false,Mon Dec 01 2025 12:12:12 GMT+0530 (India Standard Time)
P_1764571000181_bnn9tm,72,timePressure,0.25,right,right,651,true,false,Mon Dec 01 2025 12:12:12 GMT+0530 (India Standard Time)
P_1764571000181_bnn9tm,73,timePressure,0.1,left,right,579,false,false,Mon Dec 01 2025 12:12:14 GMT+0530 (India Standard Time)
P_1764571000181_bnn9tm,73,timePressure,0.1,left,right,579,false,false,Mon Dec 01 2025 12:12:14 GMT+0530 (India Standard Time)
P_1764571000181_bnn9tm,74,timePressure,0.25,left,right,503,false,false,Mon Dec 01 2025 12:12:15 GMT+0530 (India Standard Time)
P_1764571000181_bnn9tm,74,timePressure,0.25,left,right,503,false,false,Mon Dec 01 2025 12:12:15 GMT+0530 (India Standard Time)
P_1764571000181_bnn9tm,75,timePressure,0.1,right,timeout,,false,true,Mon Dec 01 2025 12:12:17 GMT+0530 (India Standard Time)
P_1764571000181_bnn9tm,75,timePressure,0.1,right,timeout,,false,true,Mon Dec 01 2025 12:12:17 GMT+0530 (India Standard Time)
P_1764571000181_bnn9tm,76,timePressure,0.25,left,left,473,true,false,Mon Dec 01 2025 12:12:18 GMT+0530 (India Standard Time)
P_1764571000181_bnn9tm,76,timePressure,0.25,left,left,473,true,false,Mon Dec 01 2025 12:12:18 GMT+0530 (India Standard Time)
P_1764571000181_bnn9tm,77,timePressure,0.25,right,right,873,true,false,Mon Dec 01 2025 12:12:20 GMT+0530 (India Standard Time)
P_1764571000181_bnn9tm,77,timePressure,0.25,right,right,873,true,false,Mon Dec 01 2025 12:12:20 GMT+0530 (India Standard Time)
P_1764571000181_bnn9tm,78,timePressure,0.1,left,right,943,false,false,Mon Dec 01 2025 12:12:22 GMT+0530 (India Standard Time)
P_1764571000181_bnn9tm,78,timePressure,0.1,left,right,943,false,false,Mon Dec 01 2025 12:12:22 GMT+0530 (India Standard Time)
P_1764571000181_bnn9tm,79,timePressure,0.4,right,timeout,,false,true,Mon Dec 01 2025 12:12:23 GMT+0530 (India Standard Time)
P_1764571000181_bnn9tm,79,timePressure,0.4,right,timeout,,false,true,Mon Dec 01 2025 12:12:23 GMT+0530 (India Standard Time)
P_1764571000181_bnn9tm,80,timePressure,0.25,left,left,505,true,false,Mon Dec 01 2025 12:12:25 GMT+0530 (India Standard Time)
P_1764571000181_bnn9tm,80,timePressure,0.25,left,left,505,true,false,Mon Dec 01 2025 12:12:25 GMT+0530 (India Standard Time)
P_1764571712715_czu1sr,1,baseline,0.1,left,left,620,true,false,Mon Dec 01 2025 12:19:37 GMT+0530 (India Standard Time)
P_1764571712715_czu1sr,2,baseline,0.25,right,right,1285,true,false,Mon Dec 01 2025 12:19:39 GMT+0530 (India Standard Time)
P_1764571712715_czu1sr,3,baseline,0.4,right,right,649,true,false,Mon Dec 01 2025 12:19:40 GMT+0530 (India Standard Time)
P_1764571712715_czu1sr,4,baseline,0.4,left,left,448,true,false,Mon Dec 01 2025 12:19:42 GMT+0530 (India Standard Time)
P_1764571712715_czu1sr,5,baseline,0.25,right,right,599,true,false,Mon Dec 01 2025 12:19:43 GMT+0530 (India Standard Time)
P_1764571712715_czu1sr,6,baseline,0.4,right,right,520,true,false,Mon Dec 01 2025 12:19:45 GMT+0530 (India Standard Time)
P_1764571712715_czu1sr,7,baseline,0.1,right,right,640,true,false,Mon Dec 01 2025 12:19:46 GMT+0530 (India Standard Time)
P_1764571712715_czu1sr,8,baseline,0.1,left,left,1268,true,false,Mon Dec 01 2025 12:19:48 GMT+0530 (India Standard Time)
P_1764571712715_czu1sr,9,baseline,0.1,right,right,792,true,false,Mon Dec 01 2025 12:19:50 GMT+0530 (India Standard Time)
P_1764571712715_czu1sr,10,baseline,0.4,right,right,722,true,false,Mon Dec 01 2025 12:19:51 GMT+0530 (India Standard Time)
P_1764571712715_czu1sr,11,baseline,0.25,right,left,519,false,false,Mon Dec 01 2025 12:19:53 GMT+0530 (India Standard Time)
P_1764571712715_czu1sr,12,baseline,0.4,left,left,630,true,false,Mon Dec 01 2025 12:19:54 GMT+0530 (India Standard Time)
P_1764571712715_czu1sr,13,baseline,0.25,right,right,630,true,false,Mon Dec 01 2025 12:19:56 GMT+0530 (India Standard Time)
P_1764571712715_czu1sr,14,baseline,0.25,left,left,621,true,false,Mon Dec 01 2025 12:19:57 GMT+0530 (India Standard Time)
P_1764571712715_czu1sr,15,baseline,0.25,left,left,606,true,false,Mon Dec 01 2025 12:19:58 GMT+0530 (India Standard Time)
P_1764571712715_czu1sr,16,baseline,0.4,right,right,544,true,false,Mon Dec 01 2025 12:20:00 GMT+0530 (India Standard Time)
P_1764571712715_czu1sr,17,baseline,0.1,left,left,626,true,false,Mon Dec 01 2025 12:20:01 GMT+0530 (India Standard Time)
P_1764571712715_czu1sr,18,baseline,0.25,left,left,558,true,false,Mon Dec 01 2025 12:20:03 GMT+0530 (India Standard Time)
P_1764571712715_czu1sr,19,baseline,0.1,right,left,2316,false,false,Mon Dec 01 2025 12:20:06 GMT+0530 (India Standard Time)
P_1764571712715_czu1sr,20,baseline,0.25,left,left,653,true,false,Mon Dec 01 2025 12:20:07 GMT+0530 (India Standard Time)
P_1764571712715_czu1sr,21,baseline,0.1,left,left,932,true,false,Mon Dec 01 2025 12:20:09 GMT+0530 (India Standard Time)
P_1764571712715_czu1sr,21,baseline,0.1,left,left,932,true,false,Mon Dec 01 2025 12:20:09 GMT+0530 (India Standard Time)
P_1764571712715_czu1sr,22,baseline,0.4,right,right,663,true,false,Mon Dec 01 2025 12:20:10 GMT+0530 (India Standard Time)
P_1764571712715_czu1sr,22,baseline,0.4,right,right,663,true,false,Mon Dec 01 2025 12:20:10 GMT+0530 (India Standard Time)
P_1764571712715_czu1sr,23,baseline,0.4,left,left,548,true,false,Mon Dec 01 2025 12:20:12 GMT+0530 (India Standard Time)
P_1764571712715_czu1sr,23,baseline,0.4,left,left,548,true,false,Mon Dec 01 2025 12:20:12 GMT+0530 (India Standard Time)
P_1764571712715_czu1sr,24,baseline,0.4,left,left,573,true,false,Mon Dec 01 2025 12:20:13 GMT+0530 (India Standard Time)
P_1764571712715_czu1sr,24,baseline,0.4,left,left,573,true,false,Mon Dec 01 2025 12:20:13 GMT+0530 (India Standard Time)
P_1764571712715_czu1sr,25,baseline,0.1,right,right,714,true,false,Mon Dec 01 2025 12:20:15 GMT+0530 (India Standard Time)
P_1764571712715_czu1sr,25,baseline,0.1,right,right,714,true,false,Mon Dec 01 2025 12:20:15 GMT+0530 (India Standard Time)
P_1764571712715_czu1sr,26,baseline,0.25,left,left,539,true,false,Mon Dec 01 2025 12:20:16 GMT+0530 (India Standard Time)
P_1764571712715_czu1sr,26,baseline,0.25,left,left,539,true,false,Mon Dec 01 2025 12:20:16 GMT+0530 (India Standard Time)
P_1764571712715_czu1sr,27,baseline,0.4,right,right,555,true,false,Mon Dec 01 2025 12:20:17 GMT+0530 (India Standard Time)
P_1764571712715_czu1sr,27,baseline,0.4,right,right,555,true,false,Mon Dec 01 2025 12:20:17 GMT+0530 (India Standard Time)
P_1764571712715_czu1sr,28,baseline,0.1,left,left,655,true,false,Mon Dec 01 2025 12:20:19 GMT+0530 (India Standard Time)
P_1764571712715_czu1sr,28,baseline,0.1,left,left,655,true,false,Mon Dec 01 2025 12:20:19 GMT+0530 (India Standard Time)
P_1764571712715_czu1sr,29,baseline,0.4,left,left,419,true,false,Mon Dec 01 2025 12:20:20 GMT+0530 (India Standard Time)
P_1764571712715_czu1sr,29,baseline,0.4,left,left,419,true,false,Mon Dec 01 2025 12:20:20 GMT+0530 (India Standard Time)
P_1764571712715_czu1sr,30,baseline,0.4,right,right,539,true,false,Mon Dec 01 2025 12:20:22 GMT+0530 (India Standard Time)
P_1764571712715_czu1sr,30,baseline,0.4,right,right,539,true,false,Mon Dec 01 2025 12:20:22 GMT+0530 (India Standard Time)
P_1764571712715_czu1sr,31,baseline,0.25,right,left,926,false,false,Mon Dec 01 2025 12:20:23 GMT+0530 (India Standard Time)
P_1764571712715_czu1sr,31,baseline,0.25,right,left,926,false,false,Mon Dec 01 2025 12:20:23 GMT+0530 (India Standard Time)
P_1764571712715_czu1sr,32,baseline,0.25,left,left,679,true,false,Mon Dec 01 2025 12:20:25 GMT+0530 (India Standard Time)
P_1764571712715_czu1sr,32,baseline,0.25,left,left,679,true,false,Mon Dec 01 2025 12:20:25 GMT+0530 (India Standard Time)
P_1764571712715_czu1sr,33,baseline,0.4,left,left,515,true,false,Mon Dec 01 2025 12:20:26 GMT+0530 (India Standard Time)
P_1764571712715_czu1sr,33,baseline,0.4,left,left,515,true,false,Mon Dec 01 2025 12:20:26 GMT+0530 (India Standard Time)
P_1764571712715_czu1sr,34,baseline,0.25,left,left,437,true,false,Mon Dec 01 2025 12:20:27 GMT+0530 (India Standard Time)
P_1764571712715_czu1sr,34,baseline,0.25,left,left,437,true,false,Mon Dec 01 2025 12:20:27 GMT+0530 (India Standard Time)
P_1764571712715_czu1sr,35,baseline,0.25,right,right,463,true,false,Mon Dec 01 2025 12:20:29 GMT+0530 (India Standard Time)
P_1764571712715_czu1sr,35,baseline,0.25,right,right,463,true,false,Mon Dec 01 2025 12:20:29 GMT+0530 (India Standard Time)
P_1764571712715_czu1sr,36,baseline,0.1,right,left,732,false,false,Mon Dec 01 2025 12:20:30 GMT+0530 (India Standard Time)
P_1764571712715_czu1sr,36,baseline,0.1,right,left,732,false,false,Mon Dec 01 2025 12:20:30 GMT+0530 (India Standard Time)
P_1764571712715_czu1sr,37,baseline,0.25,right,right,563,true,false,Mon Dec 01 2025 12:20:32 GMT+0530 (India Standard Time)
P_1764571712715_czu1sr,37,baseline,0.25,right,right,563,true,false,Mon Dec 01 2025 12:20:32 GMT+0530 (India Standard Time)
P_1764571712715_czu1sr,38,baseline,0.1,left,right,3913,false,false,Mon Dec 01 2025 12:20:36 GMT+0530 (India Standard Time)
P_1764571712715_czu1sr,38,baseline,0.1,left,right,3913,false,false,Mon Dec 01 2025 12:20:36 GMT+0530 (India Standard Time)
P_1764571712715_czu1sr,39,baseline,0.1,right,right,888,true,false,Mon Dec 01 2025 12:20:38 GMT+0530 (India Standard Time)
P_1764571712715_czu1sr,39,baseline,0.1,right,right,888,true,false,Mon Dec 01 2025 12:20:38 GMT+0530 (India Standard Time)
P_1764571712715_czu1sr,40,baseline,0.1,right,right,917,true,false,Mon Dec 01 2025 12:20:40 GMT+0530 (India Standard Time)
P_1764571712715_czu1sr,40,baseline,0.1,right,right,917,true,false,Mon Dec 01 2025 12:20:40 GMT+0530 (India Standard Time)
P_1764571712715_czu1sr,41,timePressure,0.25,left,left,488,true,false,Mon Dec 01 2025 12:20:48 GMT+0530 (India Standard Time)
P_1764571712715_czu1sr,42,timePressure,0.25,right,right,487,true,false,Mon Dec 01 2025 12:20:49 GMT+0530 (India Standard Time)
P_1764571712715_czu1sr,43,timePressure,0.25,left,left,538,true,false,Mon Dec 01 2025 12:20:50 GMT+0530 (India Standard Time)
P_1764571712715_czu1sr,44,timePressure,0.4,left,right,426,false,false,Mon Dec 01 2025 12:20:51 GMT+0530 (India Standard Time)
P_1764571712715_czu1sr,45,timePressure,0.4,left,left,646,true,false,Mon Dec 01 2025 12:20:53 GMT+0530 (India Standard Time)
P_1764571712715_czu1sr,46,timePressure,0.25,right,right,487,true,false,Mon Dec 01 2025 12:20:54 GMT+0530 (India Standard Time)
P_1764571712715_czu1sr,47,timePressure,0.25,left,left,502,true,false,Mon Dec 01 2025 12:20:56 GMT+0530 (India Standard Time)
P_1764571712715_czu1sr,48,timePressure,0.4,left,left,562,true,false,Mon Dec 01 2025 12:20:57 GMT+0530 (India Standard Time)
P_1764571712715_czu1sr,49,timePressure,0.1,left,left,368,true,false,Mon Dec 01 2025 12:20:58 GMT+0530 (India Standard Time)
P_1764571712715_czu1sr,50,timePressure,0.1,right,right,509,true,false,Mon Dec 01 2025 12:20:59 GMT+0530 (India Standard Time)
P_1764571712715_czu1sr,51,timePressure,0.1,left,right,402,false,false,Mon Dec 01 2025 12:21:01 GMT+0530 (India Standard Time)
P_1764571712715_czu1sr,52,timePressure,0.1,right,left,490,false,false,Mon Dec 01 2025 12:21:02 GMT+0530 (India Standard Time)
P_1764571712715_czu1sr,53,timePressure,0.1,left,left,539,true,false,Mon Dec 01 2025 12:21:03 GMT+0530 (India Standard Time)
P_1764571712715_czu1sr,54,timePressure,0.25,left,right,543,false,false,Mon Dec 01 2025 12:21:05 GMT+0530 (India Standard Time)
P_1764571712715_czu1sr,55,timePressure,0.25,right,right,430,true,false,Mon Dec 01 2025 12:21:06 GMT+0530 (India Standard Time)
P_1764571712715_czu1sr,56,timePressure,0.25,right,right,407,true,false,Mon Dec 01 2025 12:21:07 GMT+0530 (India Standard Time)
P_1764571712715_czu1sr,57,timePressure,0.1,right,left,395,false,false,Mon Dec 01 2025 12:21:08 GMT+0530 (India Standard Time)
P_1764571712715_czu1sr,58,timePressure,0.25,left,left,464,true,false,Mon Dec 01 2025 12:21:10 GMT+0530 (India Standard Time)
P_1764571712715_czu1sr,59,timePressure,0.1,right,left,589,false,false,Mon Dec 01 2025 12:21:11 GMT+0530 (India Standard Time)
P_1764571712715_czu1sr,60,timePressure,0.1,right,right,787,true,false,Mon Dec 01 2025 12:21:13 GMT+0530 (India Standard Time)
P_1764571712715_czu1sr,61,timePressure,0.4,right,right,377,true,false,Mon Dec 01 2025 12:21:14 GMT+0530 (India Standard Time)
P_1764571712715_czu1sr,61,timePressure,0.4,right,right,377,true,false,Mon Dec 01 2025 12:21:14 GMT+0530 (India Standard Time)
P_1764571712715_czu1sr,62,timePressure,0.1,left,left,663,true,false,Mon Dec 01 2025 12:21:15 GMT+0530 (India Standard Time)
P_1764571712715_czu1sr,62,timePressure,0.1,left,left,663,true,false,Mon Dec 01 2025 12:21:15 GMT+0530 (India Standard Time)
P_1764571712715_czu1sr,63,timePressure,0.25,right,right,448,true,false,Mon Dec 01 2025 12:21:17 GMT+0530 (India Standard Time)
P_1764571712715_czu1sr,63,timePressure,0.25,right,right,448,true,false,Mon Dec 01 2025 12:21:17 GMT+0530 (India Standard Time)
P_1764571712715_czu1sr,64,timePressure,0.4,right,right,408,true,false,Mon Dec 01 2025 12:21:18 GMT+0530 (India Standard Time)
P_1764571712715_czu1sr,64,timePressure,0.4,right,right,408,true,false,Mon Dec 01 2025 12:21:18 GMT+0530 (India Standard Time)
P_1764571712715_czu1sr,65,timePressure,0.4,right,right,463,true,false,Mon Dec 01 2025 12:21:19 GMT+0530 (India Standard Time)
P_1764571712715_czu1sr,65,timePressure,0.4,right,right,463,true,false,Mon Dec 01 2025 12:21:19 GMT+0530 (India Standard Time)
P_1764571712715_czu1sr,66,timePressure,0.4,left,left,358,true,false,Mon Dec 01 2025 12:21:20 GMT+0530 (India Standard Time)
P_1764571712715_czu1sr,66,timePressure,0.4,left,left,358,true,false,Mon Dec 01 2025 12:21:20 GMT+0530 (India Standard Time)
P_1764571712715_czu1sr,67,timePressure,0.4,right,left,399,false,false,Mon Dec 01 2025 12:21:22 GMT+0530 (India Standard Time)
P_1764571712715_czu1sr,67,timePressure,0.4,right,left,399,false,false,Mon Dec 01 2025 12:21:22 GMT+0530 (India Standard Time)
P_1764571712715_czu1sr,68,timePressure,0.4,right,right,488,true,false,Mon Dec 01 2025 12:21:23 GMT+0530 (India Standard Time)
P_1764571712715_czu1sr,68,timePressure,0.4,right,right,488,true,false,Mon Dec 01 2025 12:21:23 GMT+0530 (India Standard Time)
P_1764571712715_czu1sr,69,timePressure,0.4,left,left,411,true,false,Mon Dec 01 2025 12:21:24 GMT+0530 (India Standard Time)
P_1764571712715_czu1sr,69,timePressure,0.4,left,left,411,true,false,Mon Dec 01 2025 12:21:24 GMT+0530 (India Standard Time)
P_1764571712715_czu1sr,70,timePressure,0.4,right,right,490,true,false,Mon Dec 01 2025 12:21:25 GMT+0530 (India Standard Time)
P_1764571712715_czu1sr,70,timePressure,0.4,right,right,490,true,false,Mon Dec 01 2025 12:21:25 GMT+0530 (India Standard Time)
P_1764571712715_czu1sr,71,timePressure,0.25,right,right,438,true,false,Mon Dec 01 2025 12:21:27 GMT+0530 (India Standard Time)
P_1764571712715_czu1sr,71,timePressure,0.25,right,right,438,true,false,Mon Dec 01 2025 12:21:27 GMT+0530 (India Standard Time)
P_1764571712715_czu1sr,72,timePressure,0.1,left,right,682,false,false,Mon Dec 01 2025 12:21:28 GMT+0530 (India Standard Time)
P_1764571712715_czu1sr,72,timePressure,0.1,left,right,682,false,false,Mon Dec 01 2025 12:21:28 GMT+0530 (India Standard Time)
P_1764571712715_czu1sr,73,timePressure,0.25,left,left,460,true,false,Mon Dec 01 2025 12:21:29 GMT+0530 (India Standard Time)
P_1764571712715_czu1sr,73,timePressure,0.25,left,left,460,true,false,Mon Dec 01 2025 12:21:29 GMT+0530 (India Standard Time)
P_1764571712715_czu1sr,74,timePressure,0.25,right,right,393,true,false,Mon Dec 01 2025 12:21:31 GMT+0530 (India Standard Time)
P_1764571712715_czu1sr,74,timePressure,0.25,right,right,393,true,false,Mon Dec 01 2025 12:21:31 GMT+0530 (India Standard Time)
P_1764571712715_czu1sr,75,timePressure,0.4,left,left,369,true,false,Mon Dec 01 2025 12:21:32 GMT+0530 (India Standard Time)
P_1764571712715_czu1sr,75,timePressure,0.4,left,left,369,true,false,Mon Dec 01 2025 12:21:32 GMT+0530 (India Standard Time)
P_1764571712715_czu1sr,76,timePressure,0.25,left,left,500,true,false,Mon Dec 01 2025 12:21:33 GMT+0530 (India Standard Time)
P_1764571712715_czu1sr,76,timePressure,0.25,left,left,500,true,false,Mon Dec 01 2025 12:21:33 GMT+0530 (India Standard Time)
P_1764571712715_czu1sr,77,timePressure,0.1,left,left,594,true,false,Mon Dec 01 2025 12:21:35 GMT+0530 (India Standard Time)
P_1764571712715_czu1sr,77,timePressure,0.1,left,left,594,true,false,Mon Dec 01 2025 12:21:35 GMT+0530 (India Standard Time)
P_1764571712715_czu1sr,78,timePressure,0.1,right,right,531,true,false,Mon Dec 01 2025 12:21:36 GMT+0530 (India Standard Time)
P_1764571712715_czu1sr,78,timePressure,0.1,right,right,531,true,false,Mon Dec 01 2025 12:21:36 GMT+0530 (India Standard Time)
P_1764571712715_czu1sr,79,timePressure,0.4,right,right,410,true,false,Mon Dec 01 2025 12:21:37 GMT+0530 (India Standard Time)
P_1764571712715_czu1sr,79,timePressure,0.4,right,right,410,true,false,Mon Dec 01 2025 12:21:37 GMT+0530 (India Standard Time)
P_1764571712715_czu1sr,80,timePressure,0.1,right,right,493,true,false,Mon Dec 01 2025 12:21:39 GMT+0530 (India Standard Time)
P_1764571712715_czu1sr,80,timePressure,0.1,right,right,493,true,false,Mon Dec 01 2025 12:21:39 GMT+0530 (India Standard Time)
P_1764571750934_l7o4a6,1,baseline,0.1,right,right,4733,true,false,Mon Dec 01 2025 12:21:45 GMT+0530 (India Standard Time)
P_1764571750934_l7o4a6,2,baseline,0.4,left,left,2404,true,false,Mon Dec 01 2025 12:21:48 GMT+0530 (India Standard Time)
P_1764571750934_l7o4a6,3,baseline,0.1,left,right,4594,false,false,Mon Dec 01 2025 12:21:53 GMT+0530 (India Standard Time)
P_1764571750934_l7o4a6,4,baseline,0.1,right,left,7407,false,false,Mon Dec 01 2025 12:22:01 GMT+0530 (India Standard Time)
P_1764571750934_l7o4a6,5,baseline,0.4,left,left,2113,true,false,Mon Dec 01 2025 12:22:04 GMT+0530 (India Standard Time)
P_1764571750934_l7o4a6,6,baseline,0.25,right,right,2513,true,false,Mon Dec 01 2025 12:22:08 GMT+0530 (India Standard Time)
P_1764571750934_l7o4a6,7,baseline,0.1,left,left,2759,true,false,Mon Dec 01 2025 12:22:11 GMT+0530 (India Standard Time)
P_1764571750934_l7o4a6,8,baseline,0.25,right,right,2409,true,false,Mon Dec 01 2025 12:22:14 GMT+0530 (India Standard Time)
P_1764571750934_l7o4a6,9,baseline,0.4,right,right,2184,true,false,Mon Dec 01 2025 12:22:17 GMT+0530 (India Standard Time)
P_1764571750934_l7o4a6,10,baseline,0.1,right,right,6871,true,false,Mon Dec 01 2025 12:22:25 GMT+0530 (India Standard Time)
P_1764571750934_l7o4a6,11,baseline,0.4,left,left,1695,true,false,Mon Dec 01 2025 12:22:28 GMT+0530 (India Standard Time)
P_1764571750934_l7o4a6,12,baseline,0.25,right,right,2135,true,false,Mon Dec 01 2025 12:22:31 GMT+0530 (India Standard Time)
P_1764571750934_l7o4a6,13,baseline,0.4,left,left,1827,true,false,Mon Dec 01 2025 12:22:33 GMT+0530 (India Standard Time)
P_1764571750934_l7o4a6,14,baseline,0.25,right,right,1382,true,false,Mon Dec 01 2025 12:22:35 GMT+0530 (India Standard Time)
P_1764571750934_l7o4a6,15,baseline,0.25,left,left,1498,true,false,Mon Dec 01 2025 12:22:38 GMT+0530 (India Standard Time)
P_1764571750934_l7o4a6,16,baseline,0.25,left,left,4217,true,false,Mon Dec 01 2025 12:22:43 GMT+0530 (India Standard Time)
P_1764571750934_l7o4a6,17,baseline,0.1,right,right,3179,true,false,Mon Dec 01 2025 12:22:47 GMT+0530 (India Standard Time)
P_1764571750934_l7o4a6,18,baseline,0.25,left,left,3450,true,false,Mon Dec 01 2025 12:22:51 GMT+0530 (India Standard Time)
P_1764571750934_l7o4a6,19,baseline,0.1,left,left,5871,true,false,Mon Dec 01 2025 12:22:58 GMT+0530 (India Standard Time)
P_1764571750934_l7o4a6,20,baseline,0.4,right,right,1041,true,false,Mon Dec 01 2025 12:23:00 GMT+0530 (India Standard Time)
P_1764571750934_l7o4a6,21,baseline,0.25,left,left,1654,true,false,Mon Dec 01 2025 12:23:02 GMT+0530 (India Standard Time)
P_1764571750934_l7o4a6,21,baseline,0.25,left,left,1654,true,false,Mon Dec 01 2025 12:23:02 GMT+0530 (India Standard Time)
P_1764571750934_l7o4a6,22,baseline,0.4,right,right,748,true,false,Mon Dec 01 2025 12:23:04 GMT+0530 (India Standard Time)
P_1764571750934_l7o4a6,22,baseline,0.4,right,right,748,true,false,Mon Dec 01 2025 12:23:04 GMT+0530 (India Standard Time)
P_1764571750934_l7o4a6,23,baseline,0.25,right,right,746,true,false,Mon Dec 01 2025 12:23:05 GMT+0530 (India Standard Time)
P_1764571750934_l7o4a6,23,baseline,0.25,right,right,746,true,false,Mon Dec 01 2025 12:23:05 GMT+0530 (India Standard Time)
P_1764571750934_l7o4a6,24,baseline,0.25,left,left,518,true,false,Mon Dec 01 2025 12:23:07 GMT+0530 (India Standard Time)
P_1764571750934_l7o4a6,24,baseline,0.25,left,left,518,true,false,Mon Dec 01 2025 12:23:07 GMT+0530 (India Standard Time)
P_1764571750934_l7o4a6,25,baseline,0.25,left,left,628,true,false,Mon Dec 01 2025 12:23:08 GMT+0530 (India Standard Time)
P_1764571750934_l7o4a6,25,baseline,0.25,left,left,628,true,false,Mon Dec 01 2025 12:23:08 GMT+0530 (India Standard Time)
P_1764571750934_l7o4a6,26,baseline,0.4,left,left,554,true,false,Mon Dec 01 2025 12:23:09 GMT+0530 (India Standard Time)
P_1764571750934_l7o4a6,26,baseline,0.4,left,left,554,true,false,Mon Dec 01 2025 12:23:09 GMT+0530 (India Standard Time)
P_1764571750934_l7o4a6,27,baseline,0.1,right,right,1170,true,false,Mon Dec 01 2025 12:23:11 GMT+0530 (India Standard Time)
P_1764571750934_l7o4a6,27,baseline,0.1,right,right,1170,true,false,Mon Dec 01 2025 12:23:11 GMT+0530 (India Standard Time)
P_1764571750934_l7o4a6,28,baseline,0.1,left,left,996,true,false,Mon Dec 01 2025 12:23:13 GMT+0530 (India Standard Time)
P_1764571750934_l7o4a6,28,baseline,0.1,left,left,996,true,false,Mon Dec 01 2025 12:23:13 GMT+0530 (India Standard Time)
P_1764571750934_l7o4a6,29,baseline,0.4,right,right,587,true,false,Mon Dec 01 2025 12:23:15 GMT+0530 (India Standard Time)
P_1764571750934_l7o4a6,29,baseline,0.4,right,right,587,true,false,Mon Dec 01 2025 12:23:15 GMT+0530 (India Standard Time)
P_1764571750934_l7o4a6,30,baseline,0.4,right,right,536,true,false,Mon Dec 01 2025 12:23:16 GMT+0530 (India Standard Time)
P_1764571750934_l7o4a6,30,baseline,0.4,right,right,536,true,false,Mon Dec 01 2025 12:23:16 GMT+0530 (India Standard Time)
P_1764571750934_l7o4a6,31,baseline,0.4,right,right,572,true,false,Mon Dec 01 2025 12:23:17 GMT+0530 (India Standard Time)
P_1764571750934_l7o4a6,31,baseline,0.4,right,right,572,true,false,Mon Dec 01 2025 12:23:17 GMT+0530 (India Standard Time)
P_1764571750934_l7o4a6,32,baseline,0.1,left,left,3837,true,false,Mon Dec 01 2025 12:23:22 GMT+0530 (India Standard Time)
P_1764571750934_l7o4a6,32,baseline,0.1,left,left,3837,true,false,Mon Dec 01 2025 12:23:22 GMT+0530 (India Standard Time)
P_1764571750934_l7o4a6,33,baseline,0.4,right,right,710,true,false,Mon Dec 01 2025 12:23:24 GMT+0530 (India Standard Time)
P_1764571750934_l7o4a6,33,baseline,0.4,right,right,710,true,false,Mon Dec 01 2025 12:23:24 GMT+0530 (India Standard Time)
P_1764571750934_l7o4a6,34,baseline,0.25,right,right,1040,true,false,Mon Dec 01 2025 12:23:25 GMT+0530 (India Standard Time)
P_1764571750934_l7o4a6,34,baseline,0.25,right,right,1040,true,false,Mon Dec 01 2025 12:23:25 GMT+0530 (India Standard Time)
P_1764571750934_l7o4a6,35,baseline,0.1,left,right,1254,false,false,Mon Dec 01 2025 12:23:28 GMT+0530 (India Standard Time)
P_1764571750934_l7o4a6,35,baseline,0.1,left,right,1254,false,false,Mon Dec 01 2025 12:23:28 GMT+0530 (India Standard Time)
P_1764571750934_l7o4a6,36,baseline,0.4,left,left,2021,true,false,Mon Dec 01 2025 12:23:30 GMT+0530 (India Standard Time)
P_1764571750934_l7o4a6,36,baseline,0.4,left,left,2021,true,false,Mon Dec 01 2025 12:23:30 GMT+0530 (India Standard Time)
P_1764571750934_l7o4a6,37,baseline,0.1,right,left,8588,false,false,Mon Dec 01 2025 12:23:40 GMT+0530 (India Standard Time)
P_1764571750934_l7o4a6,37,baseline,0.1,right,left,8588,false,false,Mon Dec 01 2025 12:23:40 GMT+0530 (India Standard Time)
P_1764571750934_l7o4a6,38,baseline,0.25,left,left,2944,true,false,Mon Dec 01 2025 12:23:44 GMT+0530 (India Standard Time)
P_1764571750934_l7o4a6,38,baseline,0.25,left,left,2944,true,false,Mon Dec 01 2025 12:23:44 GMT+0530 (India Standard Time)
P_1764571750934_l7o4a6,39,baseline,0.25,right,right,869,true,false,Mon Dec 01 2025 12:23:45 GMT+0530 (India Standard Time)
P_1764571750934_l7o4a6,39,baseline,0.25,right,right,869,true,false,Mon Dec 01 2025 12:23:45 GMT+0530 (India Standard Time)
P_1764571750934_l7o4a6,40,baseline,0.1,right,right,4566,true,false,Mon Dec 01 2025 12:23:51 GMT+0530 (India Standard Time)
P_1764571750934_l7o4a6,40,baseline,0.1,right,right,4566,true,false,Mon Dec 01 2025 12:23:51 GMT+0530 (India Standard Time)
P_1764571750934_l7o4a6,41,timePressure,0.4,left,timeout,,false,true,Mon Dec 01 2025 12:24:07 GMT+0530 (India Standard Time)
P_1764571750934_l7o4a6,42,timePressure,0.25,right,right,438,true,false,Mon Dec 01 2025 12:24:08 GMT+0530 (India Standard Time)
P_1764571750934_l7o4a6,43,timePressure,0.25,right,right,467,true,false,Mon Dec 01 2025 12:24:10 GMT+0530 (India Standard Time)
P_1764571750934_l7o4a6,44,timePressure,0.25,left,left,469,true,false,Mon Dec 01 2025 12:24:11 GMT+0530 (India Standard Time)
P_1764571750934_l7o4a6,45,timePressure,0.1,right,right,561,true,false,Mon Dec 01 2025 12:24:12 GMT+0530 (India Standard Time)
P_1764571750934_l7o4a6,46,timePressure,0.25,left,left,388,true,false,Mon Dec 01 2025 12:24:14 GMT+0530 (India Standard Time)
P_1764571750934_l7o4a6,47,timePressure,0.1,left,right,642,false,false,Mon Dec 01 2025 12:24:15 GMT+0530 (India Standard Time)
P_1764571750934_l7o4a6,48,timePressure,0.25,left,left,647,true,false,Mon Dec 01 2025 12:24:16 GMT+0530 (India Standard Time)
P_1764571750934_l7o4a6,49,timePressure,0.4,right,right,533,true,false,Mon Dec 01 2025 12:24:18 GMT+0530 (India Standard Time)
P_1764571750934_l7o4a6,50,timePressure,0.4,left,left,498,true,false,Mon Dec 01 2025 12:24:19 GMT+0530 (India Standard Time)
P_1764571750934_l7o4a6,51,timePressure,0.1,left,timeout,,false,true,Mon Dec 01 2025 12:24:21 GMT+0530 (India Standard Time)
P_1764571750934_l7o4a6,52,timePressure,0.25,left,right,539,false,false,Mon Dec 01 2025 12:24:23 GMT+0530 (India Standard Time)
P_1764571750934_l7o4a6,53,timePressure,0.1,right,right,651,true,false,Mon Dec 01 2025 12:24:24 GMT+0530 (India Standard Time)
P_1764571750934_l7o4a6,54,timePressure,0.4,right,right,507,true,false,Mon Dec 01 2025 12:24:25 GMT+0530 (India Standard Time)
P_1764571750934_l7o4a6,55,timePressure,0.1,left,right,911,false,false,Mon Dec 01 2025 12:24:27 GMT+0530 (India Standard Time)
P_1764571750934_l7o4a6,56,timePressure,0.1,left,right,937,false,false,Mon Dec 01 2025 12:24:29 GMT+0530 (India Standard Time)
P_1764571750934_l7o4a6,57,timePressure,0.25,right,timeout,,false,true,Mon Dec 01 2025 12:24:31 GMT+0530 (India Standard Time)
P_1764571750934_l7o4a6,58,timePressure,0.4,right,right,563,true,false,Mon Dec 01 2025 12:24:32 GMT+0530 (India Standard Time)
P_1764571750934_l7o4a6,59,timePressure,0.25,right,left,735,false,false,Mon Dec 01 2025 12:24:34 GMT+0530 (India Standard Time)
P_1764571750934_l7o4a6,60,timePressure,0.4,left,left,868,true,false,Mon Dec 01 2025 12:24:35 GMT+0530 (India Standard Time)
P_1764571750934_l7o4a6,61,timePressure,0.1,left,left,639,true,false,Mon Dec 01 2025 12:24:37 GMT+0530 (India Standard Time)
P_1764571750934_l7o4a6,61,timePressure,0.1,left,left,639,true,false,Mon Dec 01 2025 12:24:37 GMT+0530 (India Standard Time)
P_1764571750934_l7o4a6,62,timePressure,0.25,left,left,739,true,false,Mon Dec 01 2025 12:24:38 GMT+0530 (India Standard Time)
P_1764571750934_l7o4a6,62,timePressure,0.25,left,left,739,true,false,Mon Dec 01 2025 12:24:38 GMT+0530 (India Standard Time)
P_1764571750934_l7o4a6,63,timePressure,0.4,right,right,701,true,false,Mon Dec 01 2025 12:24:40 GMT+0530 (India Standard Time)
P_1764571750934_l7o4a6,63,timePressure,0.4,right,right,701,true,false,Mon Dec 01 2025 12:24:40 GMT+0530 (India Standard Time)
P_1764571750934_l7o4a6,64,timePressure,0.4,left,left,619,true,false,Mon Dec 01 2025 12:24:41 GMT+0530 (India Standard Time)
P_1764571750934_l7o4a6,64,timePressure,0.4,left,left,619,true,false,Mon Dec 01 2025 12:24:41 GMT+0530 (India Standard Time)
P_1764571750934_l7o4a6,65,timePressure,0.25,left,left,742,true,false,Mon Dec 01 2025 12:24:43 GMT+0530 (India Standard Time)
P_1764571750934_l7o4a6,65,timePressure,0.25,left,left,742,true,false,Mon Dec 01 2025 12:24:43 GMT+0530 (India Standard Time)
P_1764571750934_l7o4a6,66,timePressure,0.1,right,right,617,true,false,Mon Dec 01 2025 12:24:44 GMT+0530 (India Standard Time)
P_1764571750934_l7o4a6,66,timePressure,0.1,right,right,617,true,false,Mon Dec 01 2025 12:24:44 GMT+0530 (India Standard Time)
P_1764571750934_l7o4a6,67,timePressure,0.1,right,right,753,true,false,Mon Dec 01 2025 12:24:46 GMT+0530 (India Standard Time)
P_1764571750934_l7o4a6,67,timePressure,0.1,right,right,753,true,false,Mon Dec 01 2025 12:24:46 GMT+0530 (India Standard Time)
P_1764571750934_l7o4a6,68,timePressure,0.4,left,left,506,true,false,Mon Dec 01 2025 12:24:47 GMT+0530 (India Standard Time)
P_1764571750934_l7o4a6,68,timePressure,0.4,left,left,506,true,false,Mon Dec 01 2025 12:24:47 GMT+0530 (India Standard Time)
P_1764571750934_l7o4a6,69,timePressure,0.25,right,right,714,true,false,Mon Dec 01 2025 12:24:49 GMT+0530 (India Standard Time)
P_1764571750934_l7o4a6,69,timePressure,0.25,right,right,714,true,false,Mon Dec 01 2025 12:24:49 GMT+0530 (India Standard Time)
P_1764571750934_l7o4a6,70,timePressure,0.4,left,left,521,true,false,Mon Dec 01 2025 12:24:50 GMT+0530 (India Standard Time)
P_1764571750934_l7o4a6,70,timePressure,0.4,left,left,521,true,false,Mon Dec 01 2025 12:24:50 GMT+0530 (India Standard Time)
P_1764571750934_l7o4a6,71,timePressure,0.1,left,right,778,false,false,Mon Dec 01 2025 12:24:52 GMT+0530 (India Standard Time)
P_1764571750934_l7o4a6,71,timePressure,0.1,left,right,778,false,false,Mon Dec 01 2025 12:24:52 GMT+0530 (India Standard Time)
P_1764571750934_l7o4a6,72,timePressure,0.4,right,right,541,true,false,Mon Dec 01 2025 12:24:53 GMT+0530 (India Standard Time)
P_1764571750934_l7o4a6,72,timePressure,0.4,right,right,541,true,false,Mon Dec 01 2025 12:24:53 GMT+0530 (India Standard Time)
P_1764571750934_l7o4a6,73,timePressure,0.25,left,left,572,true,false,Mon Dec 01 2025 12:24:55 GMT+0530 (India Standard Time)
P_1764571750934_l7o4a6,73,timePressure,0.25,left,left,572,true,false,Mon Dec 01 2025 12:24:55 GMT+0530 (India Standard Time)
P_1764571750934_l7o4a6,74,timePressure,0.4,right,right,569,true,false,Mon Dec 01 2025 12:24:56 GMT+0530 (India Standard Time)
P_1764571750934_l7o4a6,74,timePressure,0.4,right,right,569,true,false,Mon Dec 01 2025 12:24:56 GMT+0530 (India Standard Time)
P_1764571750934_l7o4a6,75,timePressure,0.1,right,right,645,true,false,Mon Dec 01 2025 12:24:57 GMT+0530 (India Standard Time)
P_1764571750934_l7o4a6,75,timePressure,0.1,right,right,645,true,false,Mon Dec 01 2025 12:24:57 GMT+0530 (India Standard Time)
P_1764571750934_l7o4a6,76,timePressure,0.25,right,right,747,true,false,Mon Dec 01 2025 12:24:59 GMT+0530 (India Standard Time)
P_1764571750934_l7o4a6,76,timePressure,0.25,right,right,747,true,false,Mon Dec 01 2025 12:24:59 GMT+0530 (India Standard Time)
P_1764571750934_l7o4a6,77,timePressure,0.1,right,right,682,true,false,Mon Dec 01 2025 12:25:01 GMT+0530 (India Standard Time)
P_1764571750934_l7o4a6,77,timePressure,0.1,right,right,682,true,false,Mon Dec 01 2025 12:25:01 GMT+0530 (India Standard Time)
P_1764571750934_l7o4a6,78,timePressure,0.1,right,right,754,true,false,Mon Dec 01 2025 12:25:02 GMT+0530 (India Standard Time)
P_1764571750934_l7o4a6,78,timePressure,0.1,right,right,754,true,false,Mon Dec 01 2025 12:25:02 GMT+0530 (India Standard Time)
P_1764571750934_l7o4a6,79,timePressure,0.4,right,right,690,true,false,Mon Dec 01 2025 12:25:04 GMT+0530 (India Standard Time)
P_1764571750934_l7o4a6,79,timePressure,0.4,right,right,690,true,false,Mon Dec 01 2025 12:25:04 GMT+0530 (India Standard Time)
P_1764571750934_l7o4a6,80,timePressure,0.25,right,right,839,true,false,Mon Dec 01 2025 12:25:05 GMT+0530 (India Standard Time)
P_1764571750934_l7o4a6,80,timePressure,0.25,right,right,839,true,false,Mon Dec 01 2025 12:25:05 GMT+0530 (India Standard Time)
P_1764571869055_o9pl09,1,baseline,0.4,left,left,2123,true,false,Mon Dec 01 2025 12:22:14 GMT+0530 (India Standard Time)
P_1764571869055_o9pl09,2,baseline,0.25,right,right,1288,true,false,Mon Dec 01 2025 12:22:16 GMT+0530 (India Standard Time)
P_1764571869055_o9pl09,3,baseline,0.4,right,left,939,false,false,Mon Dec 01 2025 12:22:18 GMT+0530 (India Standard Time)
P_1764571869055_o9pl09,4,baseline,0.1,left,right,658,false,false,Mon Dec 01 2025 12:22:19 GMT+0530 (India Standard Time)
P_1764571869055_o9pl09,5,baseline,0.25,left,right,539,false,false,Mon Dec 01 2025 12:22:21 GMT+0530 (India Standard Time)
P_1764571869055_o9pl09,6,baseline,0.4,right,left,2188,false,false,Mon Dec 01 2025 12:22:24 GMT+0530 (India Standard Time)
P_1764571869055_o9pl09,7,baseline,0.4,right,right,2324,true,false,Mon Dec 01 2025 12:22:27 GMT+0530 (India Standard Time)
P_1764571869055_o9pl09,8,baseline,0.4,left,right,2189,false,false,Mon Dec 01 2025 12:22:30 GMT+0530 (India Standard Time)
P_1764571869055_o9pl09,9,baseline,0.4,left,right,5844,false,false,Mon Dec 01 2025 12:22:36 GMT+0530 (India Standard Time)
P_1764571869055_o9pl09,10,baseline,0.25,left,left,1771,true,false,Mon Dec 01 2025 12:22:39 GMT+0530 (India Standard Time)
P_1764571869055_o9pl09,11,baseline,0.1,right,right,332,true,false,Mon Dec 01 2025 12:22:40 GMT+0530 (India Standard Time)
P_1764571869055_o9pl09,12,baseline,0.1,right,left,280,false,false,Mon Dec 01 2025 12:22:41 GMT+0530 (India Standard Time)
P_1764571869055_o9pl09,13,baseline,0.25,right,left,288,false,false,Mon Dec 01 2025 12:22:42 GMT+0530 (India Standard Time)
P_1764571869055_o9pl09,14,baseline,0.25,left,right,710,false,false,Mon Dec 01 2025 12:22:44 GMT+0530 (India Standard Time)
P_1764571869055_o9pl09,15,baseline,0.1,right,left,253,false,false,Mon Dec 01 2025 12:22:45 GMT+0530 (India Standard Time)
P_1764571869055_o9pl09,16,baseline,0.25,right,left,252,false,false,Mon Dec 01 2025 12:22:46 GMT+0530 (India Standard Time)
P_1764571869055_o9pl09,17,baseline,0.1,right,right,256,true,false,Mon Dec 01 2025 12:22:47 GMT+0530 (India Standard Time)
P_1764571869055_o9pl09,18,baseline,0.4,left,right,610,false,false,Mon Dec 01 2025 12:22:48 GMT+0530 (India Standard Time)
P_1764571869055_o9pl09,19,baseline,0.4,right,left,516,false,false,Mon Dec 01 2025 12:22:50 GMT+0530 (India Standard Time)
P_1764571869055_o9pl09,20,baseline,0.4,left,right,364,false,false,Mon Dec 01 2025 12:22:51 GMT+0530 (India Standard Time)
P_1764571869055_o9pl09,21,baseline,0.25,right,left,732,false,false,Mon Dec 01 2025 12:22:52 GMT+0530 (India Standard Time)
P_1764571869055_o9pl09,21,baseline,0.25,right,left,732,false,false,Mon Dec 01 2025 12:22:52 GMT+0530 (India Standard Time)
P_1764571869055_o9pl09,22,baseline,0.25,left,left,867,true,false,Mon Dec 01 2025 12:22:54 GMT+0530 (India Standard Time)
P_1764571869055_o9pl09,22,baseline,0.25,left,left,867,true,false,Mon Dec 01 2025 12:22:54 GMT+0530 (India Standard Time)
P_1764571869055_o9pl09,23,baseline,0.1,left,right,979,false,false,Mon Dec 01 2025 12:22:56 GMT+0530 (India Standard Time)
P_1764571869055_o9pl09,23,baseline,0.1,left,right,979,false,false,Mon Dec 01 2025 12:22:56 GMT+0530 (India Standard Time)
P_1764571869055_o9pl09,24,baseline,0.4,left,right,384,false,false,Mon Dec 01 2025 12:22:57 GMT+0530 (India Standard Time)
P_1764571869055_o9pl09,24,baseline,0.4,left,right,384,false,false,Mon Dec 01 2025 12:22:57 GMT+0530 (India Standard Time)
P_1764571869055_o9pl09,25,baseline,0.1,right,left,2054,false,false,Mon Dec 01 2025 12:23:00 GMT+0530 (India Standard Time)
P_1764571869055_o9pl09,25,baseline,0.1,right,left,2054,false,false,Mon Dec 01 2025 12:23:00 GMT+0530 (India Standard Time)
P_1764571869055_o9pl09,26,baseline,0.1,right,left,1251,false,false,Mon Dec 01 2025 12:23:02 GMT+0530 (India Standard Time)
P_1764571869055_o9pl09,26,baseline,0.1,right,left,1251,false,false,Mon Dec 01 2025 12:23:02 GMT+0530 (India Standard Time)
P_1764571869055_o9pl09,27,baseline,0.25,left,right,908,false,false,Mon Dec 01 2025 12:23:04 GMT+0530 (India Standard Time)
P_1764571869055_o9pl09,27,baseline,0.25,left,right,908,false,false,Mon Dec 01 2025 12:23:04 GMT+0530 (India Standard Time)
P_1764571869055_o9pl09,28,baseline,0.4,right,right,551,true,false,Mon Dec 01 2025 12:23:05 GMT+0530 (India Standard Time)
P_1764571869055_o9pl09,28,baseline,0.4,right,right,551,true,false,Mon Dec 01 2025 12:23:05 GMT+0530 (India Standard Time)
P_1764571869055_o9pl09,29,baseline,0.1,left,right,1019,false,false,Mon Dec 01 2025 12:23:07 GMT+0530 (India Standard Time)
P_1764571869055_o9pl09,29,baseline,0.1,left,right,1019,false,false,Mon Dec 01 2025 12:23:07 GMT+0530 (India Standard Time)
P_1764571869055_o9pl09,30,baseline,0.1,right,left,2097,false,false,Mon Dec 01 2025 12:23:10 GMT+0530 (India Standard Time)
P_1764571869055_o9pl09,30,baseline,0.1,right,left,2097,false,false,Mon Dec 01 2025 12:23:10 GMT+0530 (India Standard Time)
P_1764571869055_o9pl09,31,baseline,0.25,left,right,1080,false,false,Mon Dec 01 2025 12:23:12 GMT+0530 (India Standard Time)
P_1764571869055_o9pl09,31,baseline,0.25,left,right,1080,false,false,Mon Dec 01 2025 12:23:12 GMT+0530 (India Standard Time)
P_1764571869055_o9pl09,32,baseline,0.25,right,right,695,true,false,Mon Dec 01 2025 12:23:13 GMT+0530 (India Standard Time)
P_1764571869055_o9pl09,32,baseline,0.25,right,right,695,true,false,Mon Dec 01 2025 12:23:13 GMT+0530 (India Standard Time)
P_1764571869055_o9pl09,33,baseline,0.25,right,right,359,true,false,Mon Dec 01 2025 12:23:15 GMT+0530 (India Standard Time)
P_1764571869055_o9pl09,33,baseline,0.25,right,right,359,true,false,Mon Dec 01 2025 12:23:15 GMT+0530 (India Standard Time)
P_1764571869055_o9pl09,34,baseline,0.1,left,left,1462,true,false,Mon Dec 01 2025 12:23:17 GMT+0530 (India Standard Time)
P_1764571869055_o9pl09,34,baseline,0.1,left,left,1462,true,false,Mon Dec 01 2025 12:23:17 GMT+0530 (India Standard Time)
P_1764571869055_o9pl09,35,baseline,0.1,left,left,265,true,false,Mon Dec 01 2025 12:23:18 GMT+0530 (India Standard Time)
P_1764571869055_o9pl09,35,baseline,0.1,left,left,265,true,false,Mon Dec 01 2025 12:23:18 GMT+0530 (India Standard Time)
P_1764571869055_o9pl09,36,baseline,0.25,left,left,258,true,false,Mon Dec 01 2025 12:23:19 GMT+0530 (India Standard Time)
P_1764571869055_o9pl09,36,baseline,0.25,left,left,258,true,false,Mon Dec 01 2025 12:23:19 GMT+0530 (India Standard Time)
P_1764571869055_o9pl09,37,baseline,0.25,right,left,1434,false,false,Mon Dec 01 2025 12:23:21 GMT+0530 (India Standard Time)
P_1764571869055_o9pl09,37,baseline,0.25,right,left,1434,false,false,Mon Dec 01 2025 12:23:21 GMT+0530 (India Standard Time)
P_1764571869055_o9pl09,38,baseline,0.1,left,right,336,false,false,Mon Dec 01 2025 12:23:22 GMT+0530 (India Standard Time)
P_1764571869055_o9pl09,38,baseline,0.1,left,right,336,false,false,Mon Dec 01 2025 12:23:22 GMT+0530 (India Standard Time)
P_1764571869055_o9pl09,39,baseline,0.4,right,right,320,true,false,Mon Dec 01 2025 12:23:23 GMT+0530 (India Standard Time)
P_1764571869055_o9pl09,39,baseline,0.4,right,right,320,true,false,Mon Dec 01 2025 12:23:23 GMT+0530 (India Standard Time)
P_1764571869055_o9pl09,40,baseline,0.4,right,right,297,true,false,Mon Dec 01 2025 12:23:25 GMT+0530 (India Standard Time)
P_1764571869055_o9pl09,40,baseline,0.4,right,right,297,true,false,Mon Dec 01 2025 12:23:25 GMT+0530 (India Standard Time)
P_1764571869055_o9pl09,41,timePressure,0.25,left,timeout,,false,true,Mon Dec 01 2025 12:23:49 GMT+0530 (India Standard Time)
P_1764571869055_o9pl09,42,timePressure,0.1,right,right,635,true,false,Mon Dec 01 2025 12:23:50 GMT+0530 (India Standard Time)
P_1764571869055_o9pl09,43,timePressure,0.4,right,left,296,false,false,Mon Dec 01 2025 12:23:51 GMT+0530 (India Standard Time)
P_1764571869055_o9pl09,44,timePressure,0.1,left,right,409,false,false,Mon Dec 01 2025 12:23:53 GMT+0530 (India Standard Time)
P_1764571869055_o9pl09,45,timePressure,0.4,right,right,342,true,false,Mon Dec 01 2025 12:23:54 GMT+0530 (India Standard Time)
P_1764571869055_o9pl09,46,timePressure,0.4,left,left,287,true,false,Mon Dec 01 2025 12:23:55 GMT+0530 (India Standard Time)
P_1764571869055_o9pl09,47,timePressure,0.4,left,right,453,false,false,Mon Dec 01 2025 12:23:56 GMT+0530 (India Standard Time)
P_1764571869055_o9pl09,48,timePressure,0.25,right,left,474,false,false,Mon Dec 01 2025 12:23:57 GMT+0530 (India Standard Time)
P_1764571869055_o9pl09,49,timePressure,0.25,left,right,350,false,false,Mon Dec 01 2025 12:23:59 GMT+0530 (India Standard Time)
P_1764571869055_o9pl09,50,timePressure,0.4,right,left,728,false,false,Mon Dec 01 2025 12:24:00 GMT+0530 (India Standard Time)
P_1764571869055_o9pl09,51,timePressure,0.1,left,left,633,true,false,Mon Dec 01 2025 12:24:02 GMT+0530 (India Standard Time)
P_1764571869055_o9pl09,52,timePressure,0.1,right,left,747,false,false,Mon Dec 01 2025 12:24:03 GMT+0530 (India Standard Time)
P_1764571869055_o9pl09,53,timePressure,0.1,right,right,506,true,false,Mon Dec 01 2025 12:24:04 GMT+0530 (India Standard Time)
P_1764571869055_o9pl09,54,timePressure,0.4,right,right,515,true,false,Mon Dec 01 2025 12:24:06 GMT+0530 (India Standard Time)
P_1764571869055_o9pl09,55,timePressure,0.4,left,right,266,false,false,Mon Dec 01 2025 12:24:07 GMT+0530 (India Standard Time)
P_1764571869055_o9pl09,56,timePressure,0.25,left,right,286,false,false,Mon Dec 01 2025 12:24:08 GMT+0530 (India Standard Time)
P_1764571869055_o9pl09,57,timePressure,0.25,right,timeout,,false,true,Mon Dec 01 2025 12:24:10 GMT+0530 (India Standard Time)
P_1764571869055_o9pl09,58,timePressure,0.1,right,right,384,true,false,Mon Dec 01 2025 12:24:11 GMT+0530 (India Standard Time)
P_1764571869055_o9pl09,59,timePressure,0.25,left,left,603,true,false,Mon Dec 01 2025 12:24:13 GMT+0530 (India Standard Time)
P_1764571869055_o9pl09,60,timePressure,0.4,right,left,292,false,false,Mon Dec 01 2025 12:24:14 GMT+0530 (India Standard Time)
P_1764571869055_o9pl09,61,timePressure,0.25,right,right,310,true,false,Mon Dec 01 2025 12:24:15 GMT+0530 (India Standard Time)
P_1764571869055_o9pl09,61,timePressure,0.25,right,right,310,true,false,Mon Dec 01 2025 12:24:15 GMT+0530 (India Standard Time)
P_1764571869055_o9pl09,62,timePressure,0.25,right,left,242,false,false,Mon Dec 01 2025 12:24:16 GMT+0530 (India Standard Time)
P_1764571869055_o9pl09,62,timePressure,0.25,right,left,242,false,false,Mon Dec 01 2025 12:24:16 GMT+0530 (India Standard Time)
P_1764571869055_o9pl09,63,timePressure,0.4,left,right,263,false,false,Mon Dec 01 2025 12:24:17 GMT+0530 (India Standard Time)
P_1764571869055_o9pl09,63,timePressure,0.4,left,right,263,false,false,Mon Dec 01 2025 12:24:17 GMT+0530 (India Standard Time)
P_1764571869055_o9pl09,64,timePressure,0.1,right,left,281,false,false,Mon Dec 01 2025 12:24:18 GMT+0530 (India Standard Time)
P_1764571869055_o9pl09,64,timePressure,0.1,right,left,281,false,false,Mon Dec 01 2025 12:24:18 GMT+0530 (India Standard Time)
P_1764571869055_o9pl09,65,timePressure,0.25,left,left,205,true,false,Mon Dec 01 2025 12:24:19 GMT+0530 (India Standard Time)
P_1764571869055_o9pl09,65,timePressure,0.25,left,left,205,true,false,Mon Dec 01 2025 12:24:19 GMT+0530 (India Standard Time)
P_1764571869055_o9pl09,66,timePressure,0.1,left,left,256,true,false,Mon Dec 01 2025 12:24:20 GMT+0530 (India Standard Time)
P_1764571869055_o9pl09,66,timePressure,0.1,left,left,256,true,false,Mon Dec 01 2025 12:24:20 GMT+0530 (India Standard Time)
P_1764571869055_o9pl09,67,timePressure,0.25,left,right,287,false,false,Mon Dec 01 2025 12:24:21 GMT+0530 (India Standard Time)
P_1764571869055_o9pl09,67,timePressure,0.25,left,right,287,false,false,Mon Dec 01 2025 12:24:21 GMT+0530 (India Standard Time)
P_1764571869055_o9pl09,68,timePressure,0.4,right,right,392,true,false,Mon Dec 01 2025 12:24:22 GMT+0530 (India Standard Time)
P_1764571869055_o9pl09,68,timePressure,0.4,right,right,392,true,false,Mon Dec 01 2025 12:24:22 GMT+0530 (India Standard Time)
P_1764571869055_o9pl09,69,timePressure,0.25,right,right,282,true,false,Mon Dec 01 2025 12:24:24 GMT+0530 (India Standard Time)
P_1764571869055_o9pl09,69,timePressure,0.25,right,right,282,true,false,Mon Dec 01 2025 12:24:24 GMT+0530 (India Standard Time)
P_1764571869055_o9pl09,70,timePressure,0.4,left,left,252,true,false,Mon Dec 01 2025 12:24:25 GMT+0530 (India Standard Time)
P_1764571869055_o9pl09,70,timePressure,0.4,left,left,252,true,false,Mon Dec 01 2025 12:24:25 GMT+0530 (India Standard Time)
P_1764571869055_o9pl09,71,timePressure,0.25,left,left,229,true,false,Mon Dec 01 2025 12:24:26 GMT+0530 (India Standard Time)
P_1764571869055_o9pl09,71,timePressure,0.25,left,left,229,true,false,Mon Dec 01 2025 12:24:26 GMT+0530 (India Standard Time)
P_1764571869055_o9pl09,72,timePressure,0.1,left,left,253,true,false,Mon Dec 01 2025 12:24:27 GMT+0530 (India Standard Time)
P_1764571869055_o9pl09,72,timePressure,0.1,left,left,253,true,false,Mon Dec 01 2025 12:24:27 GMT+0530 (India Standard Time)
P_1764571869055_o9pl09,73,timePressure,0.4,right,right,265,true,false,Mon Dec 01 2025 12:24:28 GMT+0530 (India Standard Time)
P_1764571869055_o9pl09,73,timePressure,0.4,right,right,265,true,false,Mon Dec 01 2025 12:24:28 GMT+0530 (India Standard Time)
P_1764571869055_o9pl09,74,timePressure,0.25,right,right,260,true,false,Mon Dec 01 2025 12:24:29 GMT+0530 (India Standard Time)
P_1764571869055_o9pl09,74,timePressure,0.25,right,right,260,true,false,Mon Dec 01 2025 12:24:29 GMT+0530 (India Standard Time)
P_1764571869055_o9pl09,75,timePressure,0.1,left,left,308,true,false,Mon Dec 01 2025 12:24:30 GMT+0530 (India Standard Time)
P_1764571869055_o9pl09,75,timePressure,0.1,left,left,308,true,false,Mon Dec 01 2025 12:24:30 GMT+0530 (India Standard Time)
P_1764571869055_o9pl09,76,timePressure,0.4,left,right,71,false,false,Mon Dec 01 2025 12:24:31 GMT+0530 (India Standard Time)
P_1764571869055_o9pl09,76,timePressure,0.4,left,right,71,false,false,Mon Dec 01 2025 12:24:31 GMT+0530 (India Standard Time)
P_1764571869055_o9pl09,77,timePressure,0.1,left,right,609,false,false,Mon Dec 01 2025 12:24:32 GMT+0530 (India Standard Time)
P_1764571869055_o9pl09,77,timePressure,0.1,left,right,609,false,false,Mon Dec 01 2025 12:24:32 GMT+0530 (India Standard Time)
P_1764571869055_o9pl09,78,timePressure,0.25,right,left,97,false,false,Mon Dec 01 2025 12:24:33 GMT+0530 (India Standard Time)
P_1764571869055_o9pl09,78,timePressure,0.25,right,left,97,false,false,Mon Dec 01 2025 12:24:33 GMT+0530 (India Standard Time)
P_1764571869055_o9pl09,79,timePressure,0.1,right,right,109,true,false,Mon Dec 01 2025 12:24:34 GMT+0530 (India Standard Time)
P_1764571869055_o9pl09,79,timePressure,0.1,right,right,109,true,false,Mon Dec 01 2025 12:24:34 GMT+0530 (India Standard Time)
P_1764571869055_o9pl09,80,timePressure,0.1,right,left,275,false,false,Mon Dec 01 2025 12:24:35 GMT+0530 (India Standard Time)
P_1764571869055_o9pl09,80,timePressure,0.1,right,left,275,false,false,Mon Dec 01 2025 12:24:35 GMT+0530 (India Standard Time)
P_1764571872850_exjw0o,1,baseline,0.1,left,left,3105,true,false,Mon Dec 01 2025 12:23:17 GMT+0530 (India Standard Time)
P_1764571872850_exjw0o,2,baseline,0.1,right,right,4779,true,false,Mon Dec 01 2025 12:23:22 GMT+0530 (India Standard Time)
P_1764571872850_exjw0o,3,baseline,0.1,left,right,2983,false,false,Mon Dec 01 2025 12:23:26 GMT+0530 (India Standard Time)
P_1764571872850_exjw0o,4,baseline,0.4,left,left,1916,true,false,Mon Dec 01 2025 12:23:29 GMT+0530 (India Standard Time)
P_1764571872850_exjw0o,5,baseline,0.1,left,right,9709,false,false,Mon Dec 01 2025 12:23:40 GMT+0530 (India Standard Time)
P_1764571872850_exjw0o,6,baseline,0.25,right,right,3996,true,false,Mon Dec 01 2025 12:23:44 GMT+0530 (India Standard Time)
P_1764571872850_exjw0o,7,baseline,0.4,left,left,780,true,false,Mon Dec 01 2025 12:23:46 GMT+0530 (India Standard Time)
P_1764571872850_exjw0o,8,baseline,0.4,left,left,814,true,false,Mon Dec 01 2025 12:23:48 GMT+0530 (India Standard Time)
P_1764571872850_exjw0o,9,baseline,0.25,left,left,905,true,false,Mon Dec 01 2025 12:23:49 GMT+0530 (India Standard Time)
P_1764571872850_exjw0o,10,baseline,0.4,right,right,783,true,false,Mon Dec 01 2025 12:23:51 GMT+0530 (India Standard Time)
P_1764571872850_exjw0o,11,baseline,0.1,right,right,2924,true,false,Mon Dec 01 2025 12:23:55 GMT+0530 (India Standard Time)
P_1764571872850_exjw0o,12,baseline,0.25,left,left,781,true,false,Mon Dec 01 2025 12:23:56 GMT+0530 (India Standard Time)
P_1764571872850_exjw0o,13,baseline,0.4,right,right,732,true,false,Mon Dec 01 2025 12:23:58 GMT+0530 (India Standard Time)
P_1764571872850_exjw0o,14,baseline,0.25,left,left,958,true,false,Mon Dec 01 2025 12:23:59 GMT+0530 (India Standard Time)
P_1764571872850_exjw0o,15,baseline,0.25,right,right,3132,true,false,Mon Dec 01 2025 12:24:03 GMT+0530 (India Standard Time)
P_1764571872850_exjw0o,16,baseline,0.4,right,right,989,true,false,Mon Dec 01 2025 12:24:05 GMT+0530 (India Standard Time)
P_1764571872850_exjw0o,17,baseline,0.1,right,left,2765,false,false,Mon Dec 01 2025 12:24:09 GMT+0530 (India Standard Time)
P_1764571872850_exjw0o,18,baseline,0.25,left,left,1068,true,false,Mon Dec 01 2025 12:24:11 GMT+0530 (India Standard Time)
P_1764571872850_exjw0o,19,baseline,0.25,right,right,797,true,false,Mon Dec 01 2025 12:24:12 GMT+0530 (India Standard Time)
P_1764571872850_exjw0o,20,baseline,0.1,right,right,3724,true,false,Mon Dec 01 2025 12:24:17 GMT+0530 (India Standard Time)
P_1764571872850_exjw0o,21,baseline,0.25,right,right,714,true,false,Mon Dec 01 2025 12:24:18 GMT+0530 (India Standard Time)
P_1764571872850_exjw0o,21,baseline,0.25,right,right,714,true,false,Mon Dec 01 2025 12:24:18 GMT+0530 (India Standard Time)
P_1764571872850_exjw0o,22,baseline,0.1,left,left,3645,true,false,Mon Dec 01 2025 12:24:23 GMT+0530 (India Standard Time)
P_1764571872850_exjw0o,22,baseline,0.1,left,left,3645,true,false,Mon Dec 01 2025 12:24:23 GMT+0530 (India Standard Time)
P_1764571872850_exjw0o,23,baseline,0.1,right,right,2765,true,false,Mon Dec 01 2025 12:24:26 GMT+0530 (India Standard Time)
P_1764571872850_exjw0o,23,baseline,0.1,right,right,2765,true,false,Mon Dec 01 2025 12:24:26 GMT+0530 (India Standard Time)
P_1764571872850_exjw0o,24,baseline,0.25,left,left,637,true,false,Mon Dec 01 2025 12:24:28 GMT+0530 (India Standard Time)
P_1764571872850_exjw0o,24,baseline,0.25,left,left,637,true,false,Mon Dec 01 2025 12:24:28 GMT+0530 (India Standard Time)
P_1764571872850_exjw0o,25,baseline,0.25,left,left,840,true,false,Mon Dec 01 2025 12:24:29 GMT+0530 (India Standard Time)
P_1764571872850_exjw0o,25,baseline,0.25,left,left,840,true,false,Mon Dec 01 2025 12:24:29 GMT+0530 (India Standard Time)
P_1764571872850_exjw0o,26,baseline,0.1,right,right,828,true,false,Mon Dec 01 2025 12:24:31 GMT+0530 (India Standard Time)
P_1764571872850_exjw0o,26,baseline,0.1,right,right,828,true,false,Mon Dec 01 2025 12:24:31 GMT+0530 (India Standard Time)
P_1764571872850_exjw0o,27,baseline,0.4,right,right,797,true,false,Mon Dec 01 2025 12:24:33 GMT+0530 (India Standard Time)
P_1764571872850_exjw0o,27,baseline,0.4,right,right,797,true,false,Mon Dec 01 2025 12:24:33 GMT+0530 (India Standard Time)
P_1764571872850_exjw0o,28,baseline,0.4,left,left,637,true,false,Mon Dec 01 2025 12:24:34 GMT+0530 (India Standard Time)
P_1764571872850_exjw0o,28,baseline,0.4,left,left,637,true,false,Mon Dec 01 2025 12:24:34 GMT+0530 (India Standard Time)
P_1764571872850_exjw0o,29,baseline,0.4,right,right,764,true,false,Mon Dec 01 2025 12:24:36 GMT+0530 (India Standard Time)
P_1764571872850_exjw0o,29,baseline,0.4,right,right,764,true,false,Mon Dec 01 2025 12:24:36 GMT+0530 (India Standard Time)
P_1764571872850_exjw0o,30,baseline,0.1,left,left,1902,true,false,Mon Dec 01 2025 12:24:38 GMT+0530 (India Standard Time)
P_1764571872850_exjw0o,30,baseline,0.1,left,left,1902,true,false,Mon Dec 01 2025 12:24:38 GMT+0530 (India Standard Time)
P_1764571872850_exjw0o,31,baseline,0.4,left,left,971,true,false,Mon Dec 01 2025 12:24:40 GMT+0530 (India Standard Time)
P_1764571872850_exjw0o,31,baseline,0.4,left,left,971,true,false,Mon Dec 01 2025 12:24:40 GMT+0530 (India Standard Time)
P_1764571872850_exjw0o,32,baseline,0.1,left,right,2972,false,false,Mon Dec 01 2025 12:24:44 GMT+0530 (India Standard Time)
P_1764571872850_exjw0o,32,baseline,0.1,left,right,2972,false,false,Mon Dec 01 2025 12:24:44 GMT+0530 (India Standard Time)
P_1764571872850_exjw0o,33,baseline,0.4,right,right,796,true,false,Mon Dec 01 2025 12:24:45 GMT+0530 (India Standard Time)
P_1764571872850_exjw0o,33,baseline,0.4,right,right,796,true,false,Mon Dec 01 2025 12:24:45 GMT+0530 (India Standard Time)
P_1764571872850_exjw0o,34,baseline,0.25,right,left,813,false,false,Mon Dec 01 2025 12:24:47 GMT+0530 (India Standard Time)
P_1764571872850_exjw0o,34,baseline,0.25,right,left,813,false,false,Mon Dec 01 2025 12:24:47 GMT+0530 (India Standard Time)
P_1764571872850_exjw0o,35,baseline,0.25,left,left,639,true,false,Mon Dec 01 2025 12:24:49 GMT+0530 (India Standard Time)
P_1764571872850_exjw0o,35,baseline,0.25,left,left,639,true,false,Mon Dec 01 2025 12:24:49 GMT+0530 (India Standard Time)
P_1764571872850_exjw0o,36,baseline,0.4,left,left,717,true,false,Mon Dec 01 2025 12:24:50 GMT+0530 (India Standard Time)
P_1764571872850_exjw0o,36,baseline,0.4,left,left,717,true,false,Mon Dec 01 2025 12:24:50 GMT+0530 (India Standard Time)
P_1764571872850_exjw0o,37,baseline,0.25,right,right,589,true,false,Mon Dec 01 2025 12:24:51 GMT+0530 (India Standard Time)
P_1764571872850_exjw0o,37,baseline,0.25,right,right,589,true,false,Mon Dec 01 2025 12:24:51 GMT+0530 (India Standard Time)
P_1764571872850_exjw0o,38,baseline,0.1,right,left,1052,false,false,Mon Dec 01 2025 12:24:53 GMT+0530 (India Standard Time)
P_1764571872850_exjw0o,38,baseline,0.1,right,left,1052,false,false,Mon Dec 01 2025 12:24:53 GMT+0530 (India Standard Time)
P_1764571872850_exjw0o,39,baseline,0.4,right,right,620,true,false,Mon Dec 01 2025 12:24:55 GMT+0530 (India Standard Time)
P_1764571872850_exjw0o,39,baseline,0.4,right,right,620,true,false,Mon Dec 01 2025 12:24:55 GMT+0530 (India Standard Time)
P_1764571872850_exjw0o,40,baseline,0.25,right,right,2269,true,false,Mon Dec 01 2025 12:24:58 GMT+0530 (India Standard Time)
P_1764571872850_exjw0o,40,baseline,0.25,right,right,2269,true,false,Mon Dec 01 2025 12:24:58 GMT+0530 (India Standard Time)
P_1764571872850_exjw0o,41,timePressure,0.1,right,timeout,,false,true,Mon Dec 01 2025 12:25:09 GMT+0530 (India Standard Time)
P_1764571872850_exjw0o,42,timePressure,0.4,right,right,542,true,false,Mon Dec 01 2025 12:25:11 GMT+0530 (India Standard Time)
P_1764571872850_exjw0o,43,timePressure,0.25,right,right,476,true,false,Mon Dec 01 2025 12:25:12 GMT+0530 (India Standard Time)
P_1764571872850_exjw0o,44,timePressure,0.25,left,right,344,false,false,Mon Dec 01 2025 12:25:13 GMT+0530 (India Standard Time)
P_1764571872850_exjw0o,45,timePressure,0.1,right,right,477,true,false,Mon Dec 01 2025 12:25:15 GMT+0530 (India Standard Time)
P_1764571872850_exjw0o,46,timePressure,0.4,right,right,624,true,false,Mon Dec 01 2025 12:25:16 GMT+0530 (India Standard Time)
P_1764571872850_exjw0o,47,timePressure,0.25,left,left,335,true,false,Mon Dec 01 2025 12:25:17 GMT+0530 (India Standard Time)
P_1764571872850_exjw0o,48,timePressure,0.1,right,left,475,false,false,Mon Dec 01 2025 12:25:18 GMT+0530 (India Standard Time)
P_1764571872850_exjw0o,49,timePressure,0.1,right,right,366,true,false,Mon Dec 01 2025 12:25:20 GMT+0530 (India Standard Time)
P_1764571872850_exjw0o,50,timePressure,0.4,right,right,430,true,false,Mon Dec 01 2025 12:25:21 GMT+0530 (India Standard Time)
P_1764571872850_exjw0o,51,timePressure,0.1,left,right,492,false,false,Mon Dec 01 2025 12:25:22 GMT+0530 (India Standard Time)
P_1764571872850_exjw0o,52,timePressure,0.25,right,left,734,false,false,Mon Dec 01 2025 12:25:24 GMT+0530 (India Standard Time)
P_1764571872850_exjw0o,53,timePressure,0.4,right,right,446,true,false,Mon Dec 01 2025 12:25:25 GMT+0530 (India Standard Time)
P_1764571872850_exjw0o,54,timePressure,0.1,left,left,525,true,false,Mon Dec 01 2025 12:25:26 GMT+0530 (India Standard Time)
P_1764571872850_exjw0o,55,timePressure,0.25,left,right,365,false,false,Mon Dec 01 2025 12:25:27 GMT+0530 (India Standard Time)
P_1764571872850_exjw0o,56,timePressure,0.4,left,right,748,false,false,Mon Dec 01 2025 12:25:29 GMT+0530 (India Standard Time)
P_1764571872850_exjw0o,57,timePressure,0.1,right,right,796,true,false,Mon Dec 01 2025 12:25:31 GMT+0530 (India Standard Time)
P_1764571872850_exjw0o,58,timePressure,0.4,left,left,415,true,false,Mon Dec 01 2025 12:25:32 GMT+0530 (India Standard Time)
P_1764571872850_exjw0o,59,timePressure,0.4,right,right,670,true,false,Mon Dec 01 2025 12:25:33 GMT+0530 (India Standard Time)
P_1764571872850_exjw0o,60,timePressure,0.1,right,left,798,false,false,Mon Dec 01 2025 12:25:35 GMT+0530 (India Standard Time)
P_1764571872850_exjw0o,61,timePressure,0.1,left,left,749,true,false,Mon Dec 01 2025 12:25:36 GMT+0530 (India Standard Time)
P_1764571872850_exjw0o,61,timePressure,0.1,left,left,749,true,false,Mon Dec 01 2025 12:25:36 GMT+0530 (India Standard Time)
P_1764571872850_exjw0o,62,timePressure,0.25,right,right,447,true,false,Mon Dec 01 2025 12:25:38 GMT+0530 (India Standard Time)
P_1764571872850_exjw0o,62,timePressure,0.25,right,right,447,true,false,Mon Dec 01 2025 12:25:38 GMT+0530 (India Standard Time)
P_1764571872850_exjw0o,63,timePressure,0.1,left,left,478,true,false,Mon Dec 01 2025 12:25:39 GMT+0530 (India Standard Time)
P_1764571872850_exjw0o,63,timePressure,0.1,left,left,478,true,false,Mon Dec 01 2025 12:25:39 GMT+0530 (India Standard Time)
P_1764571872850_exjw0o,64,timePressure,0.4,right,right,428,true,false,Mon Dec 01 2025 12:25:40 GMT+0530 (India Standard Time)
P_1764571872850_exjw0o,64,timePressure,0.4,right,right,428,true,false,Mon Dec 01 2025 12:25:40 GMT+0530 (India Standard Time)
P_1764571872850_exjw0o,65,timePressure,0.4,right,right,589,true,false,Mon Dec 01 2025 12:25:42 GMT+0530 (India Standard Time)
P_1764571872850_exjw0o,65,timePressure,0.4,right,right,589,true,false,Mon Dec 01 2025 12:25:42 GMT+0530 (India Standard Time)
P_1764571872850_exjw0o,66,timePressure,0.25,right,right,794,true,false,Mon Dec 01 2025 12:25:43 GMT+0530 (India Standard Time)
P_1764571872850_exjw0o,66,timePressure,0.25,right,right,794,true,false,Mon Dec 01 2025 12:25:43 GMT+0530 (India Standard Time)
P_1764571872850_exjw0o,67,timePressure,0.25,left,left,604,true,false,Mon Dec 01 2025 12:25:45 GMT+0530 (India Standard Time)
P_1764571872850_exjw0o,67,timePressure,0.25,left,left,604,true,false,Mon Dec 01 2025 12:25:45 GMT+0530 (India Standard Time)
P_1764571872850_exjw0o,68,timePressure,0.1,left,right,352,false,false,Mon Dec 01 2025 12:25:46 GMT+0530 (India Standard Time)
P_1764571872850_exjw0o,68,timePressure,0.1,left,right,352,false,false,Mon Dec 01 2025 12:25:46 GMT+0530 (India Standard Time)
P_1764571872850_exjw0o,69,timePressure,0.4,left,left,665,true,false,Mon Dec 01 2025 12:25:47 GMT+0530 (India Standard Time)
P_1764571872850_exjw0o,69,timePressure,0.4,left,left,665,true,false,Mon Dec 01 2025 12:25:47 GMT+0530 (India Standard Time)
P_1764571872850_exjw0o,70,timePressure,0.25,right,right,461,true,false,Mon Dec 01 2025 12:25:48 GMT+0530 (India Standard Time)
P_1764571872850_exjw0o,70,timePressure,0.25,right,right,461,true,false,Mon Dec 01 2025 12:25:48 GMT+0530 (India Standard Time)
P_1764571872850_exjw0o,71,timePressure,0.25,right,right,523,true,false,Mon Dec 01 2025 12:25:50 GMT+0530 (India Standard Time)
P_1764571872850_exjw0o,71,timePressure,0.25,right,right,523,true,false,Mon Dec 01 2025 12:25:50 GMT+0530 (India Standard Time)
P_1764571872850_exjw0o,72,timePressure,0.4,left,left,494,true,false,Mon Dec 01 2025 12:25:51 GMT+0530 (India Standard Time)
P_1764571872850_exjw0o,72,timePressure,0.4,left,left,494,true,false,Mon Dec 01 2025 12:25:51 GMT+0530 (India Standard Time)
P_1764571872850_exjw0o,73,timePressure,0.1,left,right,733,false,false,Mon Dec 01 2025 12:25:53 GMT+0530 (India Standard Time)
P_1764571872850_exjw0o,73,timePressure,0.1,left,right,733,false,false,Mon Dec 01 2025 12:25:53 GMT+0530 (India Standard Time)
P_1764571872850_exjw0o,74,timePressure,0.25,left,left,398,true,false,Mon Dec 01 2025 12:25:54 GMT+0530 (India Standard Time)
P_1764571872850_exjw0o,74,timePressure,0.25,left,left,398,true,false,Mon Dec 01 2025 12:25:54 GMT+0530 (India Standard Time)
P_1764571872850_exjw0o,75,timePressure,0.1,right,right,380,true,false,Mon Dec 01 2025 12:25:55 GMT+0530 (India Standard Time)
P_1764571872850_exjw0o,75,timePressure,0.1,right,right,380,true,false,Mon Dec 01 2025 12:25:55 GMT+0530 (India Standard Time)
P_1764571872850_exjw0o,76,timePressure,0.25,left,left,317,true,false,Mon Dec 01 2025 12:25:56 GMT+0530 (India Standard Time)
P_1764571872850_exjw0o,76,timePressure,0.25,left,left,317,true,false,Mon Dec 01 2025 12:25:56 GMT+0530 (India Standard Time)
P_1764571872850_exjw0o,77,timePressure,0.4,left,right,332,false,false,Mon Dec 01 2025 12:25:57 GMT+0530 (India Standard Time)
P_1764571872850_exjw0o,77,timePressure,0.4,left,right,332,false,false,Mon Dec 01 2025 12:25:57 GMT+0530 (India Standard Time)
P_1764571872850_exjw0o,78,timePressure,0.25,left,left,925,true,false,Mon Dec 01 2025 12:25:59 GMT+0530 (India Standard Time)
P_1764571872850_exjw0o,78,timePressure,0.25,left,left,925,true,false,Mon Dec 01 2025 12:25:59 GMT+0530 (India Standard Time)
P_1764571872850_exjw0o,79,timePressure,0.25,right,right,590,true,false,Mon Dec 01 2025 12:26:00 GMT+0530 (India Standard Time)
P_1764571872850_exjw0o,79,timePressure,0.25,right,right,590,true,false,Mon Dec 01 2025 12:26:00 GMT+0530 (India Standard Time)
P_1764571872850_exjw0o,80,timePressure,0.4,left,left,330,true,false,Mon Dec 01 2025 12:26:02 GMT+0530 (India Standard Time)
P_1764571872850_exjw0o,80,timePressure,0.4,left,left,330,true,false,Mon Dec 01 2025 12:26:02 GMT+0530 (India Standard Time)
P_1764572247825_vlgga6,1,baseline,0.4,right,right,770,true,false,Mon Dec 01 2025 12:28:12 GMT+0530 (India Standard Time)
P_1764572247825_vlgga6,2,baseline,0.25,right,right,730,true,false,Mon Dec 01 2025 12:28:13 GMT+0530 (India Standard Time)
P_1764572247825_vlgga6,3,baseline,0.1,left,left,795,true,false,Mon Dec 01 2025 12:28:15 GMT+0530 (India Standard Time)
P_1764572247825_vlgga6,4,baseline,0.4,left,left,557,true,false,Mon Dec 01 2025 12:28:16 GMT+0530 (India Standard Time)
P_1764572247825_vlgga6,5,baseline,0.1,left,right,492,false,false,Mon Dec 01 2025 12:28:18 GMT+0530 (India Standard Time)
P_1764572247825_vlgga6,6,baseline,0.4,right,right,701,true,false,Mon Dec 01 2025 12:28:19 GMT+0530 (India Standard Time)
P_1764572247825_vlgga6,7,baseline,0.1,left,left,781,true,false,Mon Dec 01 2025 12:28:21 GMT+0530 (India Standard Time)
P_1764572247825_vlgga6,8,baseline,0.25,left,left,652,true,false,Mon Dec 01 2025 12:28:22 GMT+0530 (India Standard Time)
P_1764572247825_vlgga6,9,baseline,0.1,left,left,733,true,false,Mon Dec 01 2025 12:28:24 GMT+0530 (India Standard Time)
P_1764572247825_vlgga6,10,baseline,0.4,right,right,479,true,false,Mon Dec 01 2025 12:28:25 GMT+0530 (India Standard Time)
P_1764572247825_vlgga6,11,baseline,0.4,left,left,441,true,false,Mon Dec 01 2025 12:28:26 GMT+0530 (India Standard Time)
P_1764572247825_vlgga6,12,baseline,0.25,left,left,538,true,false,Mon Dec 01 2025 12:28:28 GMT+0530 (India Standard Time)
P_1764572247825_vlgga6,13,baseline,0.1,right,right,541,true,false,Mon Dec 01 2025 12:28:29 GMT+0530 (India Standard Time)
P_1764572247825_vlgga6,14,baseline,0.4,right,right,505,true,false,Mon Dec 01 2025 12:28:30 GMT+0530 (India Standard Time)
P_1764572247825_vlgga6,15,baseline,0.25,left,left,620,true,false,Mon Dec 01 2025 12:28:32 GMT+0530 (India Standard Time)
P_1764572247825_vlgga6,16,baseline,0.25,right,left,896,false,false,Mon Dec 01 2025 12:28:33 GMT+0530 (India Standard Time)
P_1764572247825_vlgga6,17,baseline,0.4,right,right,730,true,false,Mon Dec 01 2025 12:28:35 GMT+0530 (India Standard Time)
P_1764572247825_vlgga6,18,baseline,0.4,left,left,511,true,false,Mon Dec 01 2025 12:28:36 GMT+0530 (India Standard Time)
P_1764572247825_vlgga6,19,baseline,0.4,left,left,508,true,false,Mon Dec 01 2025 12:28:38 GMT+0530 (India Standard Time)
P_1764572247825_vlgga6,20,baseline,0.25,right,right,462,true,false,Mon Dec 01 2025 12:28:39 GMT+0530 (India Standard Time)
P_1764572247825_vlgga6,21,baseline,0.1,right,right,1117,true,false,Mon Dec 01 2025 12:28:41 GMT+0530 (India Standard Time)
P_1764572247825_vlgga6,21,baseline,0.1,right,right,1117,true,false,Mon Dec 01 2025 12:28:41 GMT+0530 (India Standard Time)
P_1764572247825_vlgga6,22,baseline,0.1,right,left,828,false,false,Mon Dec 01 2025 12:28:42 GMT+0530 (India Standard Time)
P_1764572247825_vlgga6,22,baseline,0.1,right,left,828,false,false,Mon Dec 01 2025 12:28:42 GMT+0530 (India Standard Time)
P_1764572247825_vlgga6,23,baseline,0.4,left,left,622,true,false,Mon Dec 01 2025 12:28:44 GMT+0530 (India Standard Time)
P_1764572247825_vlgga6,23,baseline,0.4,left,left,622,true,false,Mon Dec 01 2025 12:28:44 GMT+0530 (India Standard Time)
P_1764572247825_vlgga6,24,baseline,0.4,right,right,492,true,false,Mon Dec 01 2025 12:28:45 GMT+0530 (India Standard Time)
P_1764572247825_vlgga6,24,baseline,0.4,right,right,492,true,false,Mon Dec 01 2025 12:28:45 GMT+0530 (India Standard Time)
P_1764572247825_vlgga6,25,baseline,0.25,left,left,478,true,false,Mon Dec 01 2025 12:28:46 GMT+0530 (India Standard Time)
P_1764572247825_vlgga6,25,baseline,0.25,left,left,478,true,false,Mon Dec 01 2025 12:28:46 GMT+0530 (India Standard Time)
P_1764572247825_vlgga6,26,baseline,0.25,left,left,653,true,false,Mon Dec 01 2025 12:28:48 GMT+0530 (India Standard Time)
P_1764572247825_vlgga6,26,baseline,0.25,left,left,653,true,false,Mon Dec 01 2025 12:28:48 GMT+0530 (India Standard Time)
P_1764572247825_vlgga6,27,baseline,0.1,right,right,2375,true,false,Mon Dec 01 2025 12:28:51 GMT+0530 (India Standard Time)
P_1764572247825_vlgga6,27,baseline,0.1,right,right,2375,true,false,Mon Dec 01 2025 12:28:51 GMT+0530 (India Standard Time)
P_1764572247825_vlgga6,28,baseline,0.1,right,left,774,false,false,Mon Dec 01 2025 12:28:53 GMT+0530 (India Standard Time)
P_1764572247825_vlgga6,28,baseline,0.1,right,left,774,false,false,Mon Dec 01 2025 12:28:53 GMT+0530 (India Standard Time)
P_1764572247825_vlgga6,29,baseline,0.1,right,right,615,true,false,Mon Dec 01 2025 12:28:54 GMT+0530 (India Standard Time)
P_1764572247825_vlgga6,29,baseline,0.1,right,right,615,true,false,Mon Dec 01 2025 12:28:54 GMT+0530 (India Standard Time)
P_1764572247825_vlgga6,30,baseline,0.25,left,left,700,true,false,Mon Dec 01 2025 12:28:56 GMT+0530 (India Standard Time)
P_1764572247825_vlgga6,30,baseline,0.25,left,left,700,true,false,Mon Dec 01 2025 12:28:56 GMT+0530 (India Standard Time)
P_1764572247825_vlgga6,31,baseline,0.25,right,right,654,true,false,Mon Dec 01 2025 12:28:57 GMT+0530 (India Standard Time)
P_1764572247825_vlgga6,31,baseline,0.25,right,right,654,true,false,Mon Dec 01 2025 12:28:57 GMT+0530 (India Standard Time)
P_1764572247825_vlgga6,32,baseline,0.25,right,left,765,false,false,Mon Dec 01 2025 12:28:59 GMT+0530 (India Standard Time)
P_1764572247825_vlgga6,32,baseline,0.25,right,left,765,false,false,Mon Dec 01 2025 12:28:59 GMT+0530 (India Standard Time)
P_1764572247825_vlgga6,33,baseline,0.1,left,left,716,true,false,Mon Dec 01 2025 12:29:00 GMT+0530 (India Standard Time)
P_1764572247825_vlgga6,33,baseline,0.1,left,left,716,true,false,Mon Dec 01 2025 12:29:00 GMT+0530 (India Standard Time)
P_1764572247825_vlgga6,34,baseline,0.25,right,right,541,true,false,Mon Dec 01 2025 12:29:01 GMT+0530 (India Standard Time)
P_1764572247825_vlgga6,34,baseline,0.25,right,right,541,true,false,Mon Dec 01 2025 12:29:01 GMT+0530 (India Standard Time)
P_1764572247825_vlgga6,35,baseline,0.4,right,right,671,true,false,Mon Dec 01 2025 12:29:03 GMT+0530 (India Standard Time)
P_1764572247825_vlgga6,35,baseline,0.4,right,right,671,true,false,Mon Dec 01 2025 12:29:03 GMT+0530 (India Standard Time)
P_1764572247825_vlgga6,36,baseline,0.1,right,left,929,false,false,Mon Dec 01 2025 12:29:05 GMT+0530 (India Standard Time)
P_1764572247825_vlgga6,36,baseline,0.1,right,left,929,false,false,Mon Dec 01 2025 12:29:05 GMT+0530 (India Standard Time)
P_1764572247825_vlgga6,37,baseline,0.25,left,left,669,true,false,Mon Dec 01 2025 12:29:06 GMT+0530 (India Standard Time)
P_1764572247825_vlgga6,37,baseline,0.25,left,left,669,true,false,Mon Dec 01 2025 12:29:06 GMT+0530 (India Standard Time)
P_1764572247825_vlgga6,38,baseline,0.1,left,left,1277,true,false,Mon Dec 01 2025 12:29:08 GMT+0530 (India Standard Time)
P_1764572247825_vlgga6,38,baseline,0.1,left,left,1277,true,false,Mon Dec 01 2025 12:29:08 GMT+0530 (India Standard Time)
P_1764572247825_vlgga6,39,baseline,0.25,right,right,540,true,false,Mon Dec 01 2025 12:29:10 GMT+0530 (India Standard Time)
P_1764572247825_vlgga6,39,baseline,0.25,right,right,540,true,false,Mon Dec 01 2025 12:29:10 GMT+0530 (India Standard Time)
P_1764572247825_vlgga6,40,baseline,0.4,left,left,830,true,false,Mon Dec 01 2025 12:29:11 GMT+0530 (India Standard Time)
P_1764572247825_vlgga6,40,baseline,0.4,left,left,830,true,false,Mon Dec 01 2025 12:29:11 GMT+0530 (India Standard Time)
P_1764572247825_vlgga6,41,timePressure,0.1,right,right,603,true,false,Mon Dec 01 2025 12:29:18 GMT+0530 (India Standard Time)
P_1764572247825_vlgga6,42,timePressure,0.4,left,left,509,true,false,Mon Dec 01 2025 12:29:19 GMT+0530 (India Standard Time)
P_1764572247825_vlgga6,43,timePressure,0.25,right,right,821,true,false,Mon Dec 01 2025 12:29:21 GMT+0530 (India Standard Time)
P_1764572247825_vlgga6,44,timePressure,0.1,left,left,437,true,false,Mon Dec 01 2025 12:29:22 GMT+0530 (India Standard Time)
P_1764572247825_vlgga6,45,timePressure,0.1,right,right,682,true,false,Mon Dec 01 2025 12:29:24 GMT+0530 (India Standard Time)
P_1764572247825_vlgga6,46,timePressure,0.1,left,left,460,true,false,Mon Dec 01 2025 12:29:25 GMT+0530 (India Standard Time)
P_1764572247825_vlgga6,47,timePressure,0.4,right,right,446,true,false,Mon Dec 01 2025 12:29:26 GMT+0530 (India Standard Time)
P_1764572247825_vlgga6,48,timePressure,0.1,right,left,860,false,false,Mon Dec 01 2025 12:29:28 GMT+0530 (India Standard Time)
P_1764572247825_vlgga6,49,timePressure,0.25,left,right,413,false,false,Mon Dec 01 2025 12:29:29 GMT+0530 (India Standard Time)
P_1764572247825_vlgga6,50,timePressure,0.25,right,right,873,true,false,Mon Dec 01 2025 12:29:31 GMT+0530 (India Standard Time)
P_1764572247825_vlgga6,51,timePressure,0.4,right,right,601,true,false,Mon Dec 01 2025 12:29:32 GMT+0530 (India Standard Time)
P_1764572247825_vlgga6,52,timePressure,0.4,left,left,588,true,false,Mon Dec 01 2025 12:29:33 GMT+0530 (India Standard Time)
P_1764572247825_vlgga6,53,timePressure,0.25,left,left,685,true,false,Mon Dec 01 2025 12:29:35 GMT+0530 (India Standard Time)
P_1764572247825_vlgga6,54,timePressure,0.25,right,right,413,true,false,Mon Dec 01 2025 12:29:36 GMT+0530 (India Standard Time)
P_1764572247825_vlgga6,55,timePressure,0.1,left,left,684,true,false,Mon Dec 01 2025 12:29:38 GMT+0530 (India Standard Time)
P_1764572247825_vlgga6,56,timePressure,0.25,right,right,476,true,false,Mon Dec 01 2025 12:29:39 GMT+0530 (India Standard Time)
P_1764572247825_vlgga6,57,timePressure,0.25,right,left,716,false,false,Mon Dec 01 2025 12:29:40 GMT+0530 (India Standard Time)
P_1764572247825_vlgga6,58,timePressure,0.4,left,left,653,true,false,Mon Dec 01 2025 12:29:42 GMT+0530 (India Standard Time)
P_1764572247825_vlgga6,59,timePressure,0.25,left,left,588,true,false,Mon Dec 01 2025 12:29:43 GMT+0530 (India Standard Time)
P_1764572247825_vlgga6,60,timePressure,0.4,right,right,669,true,false,Mon Dec 01 2025 12:29:45 GMT+0530 (India Standard Time)
P_1764572247825_vlgga6,61,timePressure,0.25,right,right,697,true,false,Mon Dec 01 2025 12:29:46 GMT+0530 (India Standard Time)
P_1764572247825_vlgga6,61,timePressure,0.25,right,right,697,true,false,Mon Dec 01 2025 12:29:46 GMT+0530 (India Standard Time)
P_1764572247825_vlgga6,62,timePressure,0.4,right,right,540,true,false,Mon Dec 01 2025 12:29:48 GMT+0530 (India Standard Time)
P_1764572247825_vlgga6,62,timePressure,0.4,right,right,540,true,false,Mon Dec 01 2025 12:29:48 GMT+0530 (India Standard Time)
P_1764572247825_vlgga6,63,timePressure,0.4,left,left,557,true,false,Mon Dec 01 2025 12:29:49 GMT+0530 (India Standard Time)
P_1764572247825_vlgga6,63,timePressure,0.4,left,left,557,true,false,Mon Dec 01 2025 12:29:49 GMT+0530 (India Standard Time)
P_1764572247825_vlgga6,64,timePressure,0.25,right,right,414,true,false,Mon Dec 01 2025 12:29:50 GMT+0530 (India Standard Time)
P_1764572247825_vlgga6,64,timePressure,0.25,right,right,414,true,false,Mon Dec 01 2025 12:29:50 GMT+0530 (India Standard Time)
P_1764572247825_vlgga6,65,timePressure,0.25,left,left,570,true,false,Mon Dec 01 2025 12:29:52 GMT+0530 (India Standard Time)
P_1764572247825_vlgga6,65,timePressure,0.25,left,left,570,true,false,Mon Dec 01 2025 12:29:52 GMT+0530 (India Standard Time)
P_1764572247825_vlgga6,66,timePressure,0.1,left,left,636,true,false,Mon Dec 01 2025 12:29:53 GMT+0530 (India Standard Time)
P_1764572247825_vlgga6,66,timePressure,0.1,left,left,636,true,false,Mon Dec 01 2025 12:29:53 GMT+0530 (India Standard Time)
P_1764572247825_vlgga6,67,timePressure,0.1,right,right,718,true,false,Mon Dec 01 2025 12:29:55 GMT+0530 (India Standard Time)
P_1764572247825_vlgga6,67,timePressure,0.1,right,right,718,true,false,Mon Dec 01 2025 12:29:55 GMT+0530 (India Standard Time)
P_1764572247825_vlgga6,68,timePressure,0.1,left,left,490,true,false,Mon Dec 01 2025 12:29:56 GMT+0530 (India Standard Time)
P_1764572247825_vlgga6,68,timePressure,0.1,left,left,490,true,false,Mon Dec 01 2025 12:29:56 GMT+0530 (India Standard Time)
P_1764572247825_vlgga6,69,timePressure,0.4,right,right,444,true,false,Mon Dec 01 2025 12:29:57 GMT+0530 (India Standard Time)
P_1764572247825_vlgga6,69,timePressure,0.4,right,right,444,true,false,Mon Dec 01 2025 12:29:57 GMT+0530 (India Standard Time)
P_1764572247825_vlgga6,70,timePressure,0.1,right,left,398,false,false,Mon Dec 01 2025 12:29:58 GMT+0530 (India Standard Time)
P_1764572247825_vlgga6,70,timePressure,0.1,right,left,398,false,false,Mon Dec 01 2025 12:29:58 GMT+0530 (India Standard Time)
P_1764572247825_vlgga6,71,timePressure,0.4,right,right,509,true,false,Mon Dec 01 2025 12:30:00 GMT+0530 (India Standard Time)
P_1764572247825_vlgga6,71,timePressure,0.4,right,right,509,true,false,Mon Dec 01 2025 12:30:00 GMT+0530 (India Standard Time)
P_1764572247825_vlgga6,72,timePressure,0.25,left,left,461,true,false,Mon Dec 01 2025 12:30:01 GMT+0530 (India Standard Time)
P_1764572247825_vlgga6,72,timePressure,0.25,left,left,461,true,false,Mon Dec 01 2025 12:30:01 GMT+0530 (India Standard Time)
P_1764572247825_vlgga6,73,timePressure,0.1,right,right,541,true,false,Mon Dec 01 2025 12:30:02 GMT+0530 (India Standard Time)
P_1764572247825_vlgga6,73,timePressure,0.1,right,right,541,true,false,Mon Dec 01 2025 12:30:02 GMT+0530 (India Standard Time)
P_1764572247825_vlgga6,74,timePressure,0.4,right,right,539,true,false,Mon Dec 01 2025 12:30:04 GMT+0530 (India Standard Time)
P_1764572247825_vlgga6,74,timePressure,0.4,right,right,539,true,false,Mon Dec 01 2025 12:30:04 GMT+0530 (India Standard Time)
P_1764572247825_vlgga6,75,timePressure,0.1,right,left,543,false,false,Mon Dec 01 2025 12:30:05 GMT+0530 (India Standard Time)
P_1764572247825_vlgga6,75,timePressure,0.1,right,left,543,false,false,Mon Dec 01 2025 12:30:05 GMT+0530 (India Standard Time)
P_1764572247825_vlgga6,76,timePressure,0.25,left,left,509,true,false,Mon Dec 01 2025 12:30:06 GMT+0530 (India Standard Time)
P_1764572247825_vlgga6,76,timePressure,0.25,left,left,509,true,false,Mon Dec 01 2025 12:30:06 GMT+0530 (India Standard Time)
P_1764572247825_vlgga6,77,timePressure,0.4,left,left,541,true,false,Mon Dec 01 2025 12:30:08 GMT+0530 (India Standard Time)
P_1764572247825_vlgga6,77,timePressure,0.4,left,left,541,true,false,Mon Dec 01 2025 12:30:08 GMT+0530 (India Standard Time)
P_1764572247825_vlgga6,78,timePressure,0.4,left,left,493,true,false,Mon Dec 01 2025 12:30:09 GMT+0530 (India Standard Time)
P_1764572247825_vlgga6,78,timePressure,0.4,left,left,493,true,false,Mon Dec 01 2025 12:30:09 GMT+0530 (India Standard Time)
P_1764572247825_vlgga6,79,timePressure,0.1,left,right,588,false,false,Mon Dec 01 2025 12:30:10 GMT+0530 (India Standard Time)
P_1764572247825_vlgga6,79,timePressure,0.1,left,right,588,false,false,Mon Dec 01 2025 12:30:10 GMT+0530 (India Standard Time)
P_1764572247825_vlgga6,80,timePressure,0.25,left,left,604,true,false,Mon Dec 01 2025 12:30:12 GMT+0530 (India Standard Time)
P_1764572247825_vlgga6,80,timePressure,0.25,left,left,604,true,false,Mon Dec 01 2025 12:30:12 GMT+0530 (India Standard Time)
P_1764572921592_vcjkaf,1,baseline,0.4,right,right,1641,true,false,Mon Dec 01 2025 12:39:33 GMT+0530 (India Standard Time)
P_1764572921592_vcjkaf,1,baseline,0.4,right,right,1641,true,false,Mon Dec 01 2025 12:39:33 GMT+0530 (India Standard Time)
P_1764572921592_vcjkaf,2,baseline,0.25,right,right,1678,true,false,Mon Dec 01 2025 12:39:36 GMT+0530 (India Standard Time)
P_1764572921592_vcjkaf,2,baseline,0.25,right,right,1678,true,false,Mon Dec 01 2025 12:39:36 GMT+0530 (India Standard Time)
P_1764572921592_vcjkaf,3,baseline,0.4,left,left,1346,true,false,Mon Dec 01 2025 12:39:38 GMT+0530 (India Standard Time)
P_1764572921592_vcjkaf,3,baseline,0.4,left,left,1346,true,false,Mon Dec 01 2025 12:39:38 GMT+0530 (India Standard Time)
P_1764572921592_vcjkaf,4,baseline,0.25,left,left,6155,true,false,Mon Dec 01 2025 12:39:45 GMT+0530 (India Standard Time)
P_1764572921592_vcjkaf,4,baseline,0.25,left,left,6155,true,false,Mon Dec 01 2025 12:39:45 GMT+0530 (India Standard Time)
P_1764572921592_vcjkaf,5,baseline,0.1,right,right,2421,true,false,Mon Dec 01 2025 12:39:48 GMT+0530 (India Standard Time)
P_1764572921592_vcjkaf,5,baseline,0.1,right,right,2421,true,false,Mon Dec 01 2025 12:39:48 GMT+0530 (India Standard Time)
P_1764572921592_vcjkaf,6,baseline,0.4,right,right,2021,true,false,Mon Dec 01 2025 12:39:51 GMT+0530 (India Standard Time)
P_1764572921592_vcjkaf,6,baseline,0.4,right,right,2021,true,false,Mon Dec 01 2025 12:39:51 GMT+0530 (India Standard Time)
P_1764572921592_vcjkaf,7,baseline,0.1,left,right,1077,false,false,Mon Dec 01 2025 12:39:53 GMT+0530 (India Standard Time)
P_1764572921592_vcjkaf,7,baseline,0.1,left,right,1077,false,false,Mon Dec 01 2025 12:39:53 GMT+0530 (India Standard Time)
P_1764572921592_vcjkaf,8,baseline,0.1,left,right,1636,false,false,Mon Dec 01 2025 12:39:55 GMT+0530 (India Standard Time)
P_1764572921592_vcjkaf,8,baseline,0.1,left,right,1636,false,false,Mon Dec 01 2025 12:39:55 GMT+0530 (India Standard Time)
P_1764572921592_vcjkaf,9,baseline,0.1,right,right,2299,true,false,Mon Dec 01 2025 12:39:58 GMT+0530 (India Standard Time)
P_1764572921592_vcjkaf,9,baseline,0.1,right,right,2299,true,false,Mon Dec 01 2025 12:39:58 GMT+0530 (India Standard Time)
P_1764572921592_vcjkaf,10,baseline,0.25,right,right,668,true,false,Mon Dec 01 2025 12:40:00 GMT+0530 (India Standard Time)
P_1764572921592_vcjkaf,10,baseline,0.25,right,right,668,true,false,Mon Dec 01 2025 12:40:00 GMT+0530 (India Standard Time)
P_1764572921592_vcjkaf,11,baseline,0.25,left,right,404,false,false,Mon Dec 01 2025 12:40:01 GMT+0530 (India Standard Time)
P_1764572921592_vcjkaf,11,baseline,0.25,left,right,404,false,false,Mon Dec 01 2025 12:40:01 GMT+0530 (India Standard Time)
P_1764572921592_vcjkaf,12,baseline,0.25,left,right,108,false,false,Mon Dec 01 2025 12:40:02 GMT+0530 (India Standard Time)
P_1764572921592_vcjkaf,12,baseline,0.25,left,right,108,false,false,Mon Dec 01 2025 12:40:02 GMT+0530 (India Standard Time)
P_1764572921592_vcjkaf,13,baseline,0.1,right,right,260,true,false,Mon Dec 01 2025 12:40:03 GMT+0530 (India Standard Time)
P_1764572921592_vcjkaf,13,baseline,0.1,right,right,260,true,false,Mon Dec 01 2025 12:40:03 GMT+0530 (India Standard Time)
P_1764572921592_vcjkaf,14,baseline,0.4,right,right,99,true,false,Mon Dec 01 2025 12:40:04 GMT+0530 (India Standard Time)
P_1764572921592_vcjkaf,14,baseline,0.4,right,right,99,true,false,Mon Dec 01 2025 12:40:04 GMT+0530 (India Standard Time)
P_1764572921592_vcjkaf,15,baseline,0.1,right,right,70,true,false,Mon Dec 01 2025 12:40:05 GMT+0530 (India Standard Time)
P_1764572921592_vcjkaf,15,baseline,0.1,right,right,70,true,false,Mon Dec 01 2025 12:40:05 GMT+0530 (India Standard Time)
P_1764572921592_vcjkaf,16,baseline,0.25,left,left,257,true,false,Mon Dec 01 2025 12:40:06 GMT+0530 (India Standard Time)
P_1764572921592_vcjkaf,16,baseline,0.25,left,left,257,true,false,Mon Dec 01 2025 12:40:06 GMT+0530 (India Standard Time)
P_1764572921592_vcjkaf,17,baseline,0.4,left,left,85,true,false,Mon Dec 01 2025 12:40:06 GMT+0530 (India Standard Time)
P_1764572921592_vcjkaf,17,baseline,0.4,left,left,85,true,false,Mon Dec 01 2025 12:40:06 GMT+0530 (India Standard Time)
P_1764572921592_vcjkaf,18,baseline,0.25,left,left,115,true,false,Mon Dec 01 2025 12:40:07 GMT+0530 (India Standard Time)
P_1764572921592_vcjkaf,18,baseline,0.25,left,left,115,true,false,Mon Dec 01 2025 12:40:07 GMT+0530 (India Standard Time)
P_1764572921592_vcjkaf,19,baseline,0.25,right,right,155,true,false,Mon Dec 01 2025 12:40:08 GMT+0530 (India Standard Time)
P_1764572921592_vcjkaf,19,baseline,0.25,right,right,155,true,false,Mon Dec 01 2025 12:40:08 GMT+0530 (India Standard Time)
P_1764572921592_vcjkaf,20,baseline,0.4,right,left,51,false,false,Mon Dec 01 2025 12:40:09 GMT+0530 (India Standard Time)
P_1764572921592_vcjkaf,20,baseline,0.4,right,left,51,false,false,Mon Dec 01 2025 12:40:09 GMT+0530 (India Standard Time)
P_1764572921592_vcjkaf,21,baseline,0.4,left,right,104,false,false,Mon Dec 01 2025 12:40:10 GMT+0530 (India Standard Time)
P_1764572921592_vcjkaf,23,baseline,0.4,right,right,474,true,false,Mon Dec 01 2025 12:40:12 GMT+0530 (India Standard Time)
P_1764572921592_vcjkaf,24,baseline,0.4,left,left,410,true,false,Mon Dec 01 2025 12:40:14 GMT+0530 (India Standard Time)
P_1764572921592_vcjkaf,25,baseline,0.4,right,right,365,true,false,Mon Dec 01 2025 12:40:15 GMT+0530 (India Standard Time)
P_1764572921592_vcjkaf,26,baseline,0.1,right,left,516,false,false,Mon Dec 01 2025 12:40:16 GMT+0530 (India Standard Time)
P_1764572921592_vcjkaf,27,baseline,0.4,left,right,895,false,false,Mon Dec 01 2025 12:40:18 GMT+0530 (India Standard Time)
P_1764572921592_vcjkaf,28,baseline,0.1,left,left,430,true,false,Mon Dec 01 2025 12:40:19 GMT+0530 (India Standard Time)
P_1764572921592_vcjkaf,29,baseline,0.1,left,right,1483,false,false,Mon Dec 01 2025 12:40:21 GMT+0530 (India Standard Time)
P_1764572921592_vcjkaf,30,baseline,0.25,right,left,442,false,false,Mon Dec 01 2025 12:40:22 GMT+0530 (India Standard Time)
P_1764572921592_vcjkaf,31,baseline,0.1,right,right,401,true,false,Mon Dec 01 2025 12:40:24 GMT+0530 (India Standard Time)
P_1764572921592_vcjkaf,32,baseline,0.4,right,left,744,false,false,Mon Dec 01 2025 12:40:25 GMT+0530 (India Standard Time)
P_1764572921592_vcjkaf,33,baseline,0.1,left,right,1048,false,false,Mon Dec 01 2025 12:40:27 GMT+0530 (India Standard Time)
P_1764572921592_vcjkaf,34,baseline,0.1,right,left,1387,false,false,Mon Dec 01 2025 12:40:29 GMT+0530 (India Standard Time)
P_1764572921592_vcjkaf,35,baseline,0.25,right,right,519,true,false,Mon Dec 01 2025 12:40:31 GMT+0530 (India Standard Time)
P_1764572921592_vcjkaf,36,baseline,0.25,left,left,418,true,false,Mon Dec 01 2025 12:40:32 GMT+0530 (India Standard Time)
P_1764572921592_vcjkaf,37,baseline,0.1,left,right,391,false,false,Mon Dec 01 2025 12:40:33 GMT+0530 (India Standard Time)
P_1764572921592_vcjkaf,38,baseline,0.4,left,left,1323,true,false,Mon Dec 01 2025 12:40:35 GMT+0530 (India Standard Time)
P_1764572921592_vcjkaf,39,baseline,0.25,right,right,323,true,false,Mon Dec 01 2025 12:40:36 GMT+0530 (India Standard Time)
P_1764572921592_vcjkaf,40,baseline,0.25,left,right,752,false,false,Mon Dec 01 2025 12:40:38 GMT+0530 (India Standard Time)
P_1764572921592_vcjkaf,41,timePressure,0.4,right,right,712,true,false,Mon Dec 01 2025 12:40:41 GMT+0530 (India Standard Time)
P_1764572921592_vcjkaf,42,timePressure,0.1,right,left,387,false,false,Mon Dec 01 2025 12:40:42 GMT+0530 (India Standard Time)
P_1764572921592_vcjkaf,43,timePressure,0.25,right,right,107,true,false,Mon Dec 01 2025 12:40:43 GMT+0530 (India Standard Time)
P_1764572921592_vcjkaf,44,timePressure,0.4,left,right,854,false,false,Mon Dec 01 2025 12:40:45 GMT+0530 (India Standard Time)
P_1764572921592_vcjkaf,45,timePressure,0.1,right,left,418,false,false,Mon Dec 01 2025 12:40:46 GMT+0530 (India Standard Time)
P_1764572921592_vcjkaf,46,timePressure,0.4,right,right,352,true,false,Mon Dec 01 2025 12:40:47 GMT+0530 (India Standard Time)
P_1764572921592_vcjkaf,47,timePressure,0.25,right,left,409,false,false,Mon Dec 01 2025 12:40:48 GMT+0530 (India Standard Time)
P_1764572921592_vcjkaf,48,timePressure,0.1,left,right,429,false,false,Mon Dec 01 2025 12:40:49 GMT+0530 (India Standard Time)
P_1764572921592_vcjkaf,49,timePressure,0.25,left,left,519,true,false,Mon Dec 01 2025 12:40:51 GMT+0530 (India Standard Time)
P_1764572921592_vcjkaf,50,timePressure,0.25,right,right,604,true,false,Mon Dec 01 2025 12:40:52 GMT+0530 (India Standard Time)
P_1764572921592_vcjkaf,51,timePressure,0.25,right,left,556,false,false,Mon Dec 01 2025 12:40:53 GMT+0530 (India Standard Time)
P_1764572921592_vcjkaf,52,timePressure,0.25,right,right,707,true,false,Mon Dec 01 2025 12:40:55 GMT+0530 (India Standard Time)
P_1764572921592_vcjkaf,53,timePressure,0.25,left,left,932,true,false,Mon Dec 01 2025 12:40:57 GMT+0530 (India Standard Time)
P_1764572921592_vcjkaf,54,timePressure,0.25,right,right,899,true,false,Mon Dec 01 2025 12:40:58 GMT+0530 (India Standard Time)
P_1764572921592_vcjkaf,55,timePressure,0.4,right,timeout,,false,true,Mon Dec 01 2025 12:41:00 GMT+0530 (India Standard Time)
P_1764572921592_vcjkaf,56,timePressure,0.1,left,right,334,false,false,Mon Dec 01 2025 12:41:02 GMT+0530 (India Standard Time)
P_1764572921592_vcjkaf,57,timePressure,0.25,left,left,316,true,false,Mon Dec 01 2025 12:41:03 GMT+0530 (India Standard Time)
P_1764572921592_vcjkaf,58,timePressure,0.1,right,right,432,true,false,Mon Dec 01 2025 12:41:04 GMT+0530 (India Standard Time)
P_1764572921592_vcjkaf,59,timePressure,0.25,right,left,324,false,false,Mon Dec 01 2025 12:41:05 GMT+0530 (India Standard Time)
P_1764572921592_vcjkaf,60,timePressure,0.4,right,timeout,,false,true,Mon Dec 01 2025 12:41:07 GMT+0530 (India Standard Time)
P_1764572921592_vcjkaf,61,timePressure,0.4,left,right,182,false,false,Mon Dec 01 2025 12:41:08 GMT+0530 (India Standard Time)
P_1764572921592_vcjkaf,61,timePressure,0.4,left,right,182,false,false,Mon Dec 01 2025 12:41:08 GMT+0530 (India Standard Time)
P_1764572921592_vcjkaf,62,timePressure,0.4,left,left,134,true,false,Mon Dec 01 2025 12:41:09 GMT+0530 (India Standard Time)
P_1764572921592_vcjkaf,62,timePressure,0.4,left,left,134,true,false,Mon Dec 01 2025 12:41:09 GMT+0530 (India Standard Time)
P_1764572921592_vcjkaf,63,timePressure,0.25,left,right,638,false,false,Mon Dec 01 2025 12:41:10 GMT+0530 (India Standard Time)
P_1764572921592_vcjkaf,63,timePressure,0.25,left,right,638,false,false,Mon Dec 01 2025 12:41:10 GMT+0530 (India Standard Time)
P_1764572921592_vcjkaf,64,timePressure,0.1,right,left,815,false,false,Mon Dec 01 2025 12:41:12 GMT+0530 (India Standard Time)
P_1764572921592_vcjkaf,64,timePressure,0.1,right,left,815,false,false,Mon Dec 01 2025 12:41:12 GMT+0530 (India Standard Time)
P_1764572921592_vcjkaf,65,timePressure,0.25,left,timeout,,false,true,Mon Dec 01 2025 12:41:14 GMT+0530 (India Standard Time)
P_1764572921592_vcjkaf,65,timePressure,0.25,left,timeout,,false,true,Mon Dec 01 2025 12:41:14 GMT+0530 (India Standard Time)
P_1764572921592_vcjkaf,66,timePressure,0.1,left,timeout,,false,true,Mon Dec 01 2025 12:41:16 GMT+0530 (India Standard Time)
P_1764572921592_vcjkaf,66,timePressure,0.1,left,timeout,,false,true,Mon Dec 01 2025 12:41:16 GMT+0530 (India Standard Time)
P_1764572921592_vcjkaf,67,timePressure,0.4,right,left,491,false,false,Mon Dec 01 2025 12:41:17 GMT+0530 (India Standard Time)
P_1764572921592_vcjkaf,67,timePressure,0.4,right,left,491,false,false,Mon Dec 01 2025 12:41:17 GMT+0530 (India Standard Time)
P_1764572921592_vcjkaf,68,timePressure,0.1,left,right,308,false,false,Mon Dec 01 2025 12:41:19 GMT+0530 (India Standard Time)
P_1764572921592_vcjkaf,68,timePressure,0.1,left,right,308,false,false,Mon Dec 01 2025 12:41:19 GMT+0530 (India Standard Time)
P_1764572921592_vcjkaf,69,timePressure,0.4,left,timeout,,false,true,Mon Dec 01 2025 12:41:20 GMT+0530 (India Standard Time)
P_1764572921592_vcjkaf,69,timePressure,0.4,left,timeout,,false,true,Mon Dec 01 2025 12:41:20 GMT+0530 (India Standard Time)
P_1764572921592_vcjkaf,70,timePressure,0.4,left,timeout,,false,true,Mon Dec 01 2025 12:41:22 GMT+0530 (India Standard Time)
P_1764572921592_vcjkaf,70,timePressure,0.4,left,timeout,,false,true,Mon Dec 01 2025 12:41:22 GMT+0530 (India Standard Time)
P_1764572921592_vcjkaf,71,timePressure,0.1,right,left,193,false,false,Mon Dec 01 2025 12:41:24 GMT+0530 (India Standard Time)
P_1764572921592_vcjkaf,71,timePressure,0.1,right,left,193,false,false,Mon Dec 01 2025 12:41:24 GMT+0530 (India Standard Time)
P_1764572921592_vcjkaf,72,timePressure,0.1,left,timeout,,false,true,Mon Dec 01 2025 12:41:25 GMT+0530 (India Standard Time)
P_1764572921592_vcjkaf,72,timePressure,0.1,left,timeout,,false,true,Mon Dec 01 2025 12:41:25 GMT+0530 (India Standard Time)
P_1764572921592_vcjkaf,73,timePressure,0.4,left,right,32,false,false,Mon Dec 01 2025 12:41:26 GMT+0530 (India Standard Time)
P_1764572921592_vcjkaf,73,timePressure,0.4,left,right,32,false,false,Mon Dec 01 2025 12:41:26 GMT+0530 (India Standard Time)
P_1764572921592_vcjkaf,74,timePressure,0.1,right,left,699,false,false,Mon Dec 01 2025 12:41:28 GMT+0530 (India Standard Time)
P_1764572921592_vcjkaf,74,timePressure,0.1,right,left,699,false,false,Mon Dec 01 2025 12:41:28 GMT+0530 (India Standard Time)
P_1764572921592_vcjkaf,75,timePressure,0.4,right,timeout,,false,true,Mon Dec 01 2025 12:41:30 GMT+0530 (India Standard Time)
P_1764572921592_vcjkaf,75,timePressure,0.4,right,timeout,,false,true,Mon Dec 01 2025 12:41:30 GMT+0530 (India Standard Time)
P_1764572921592_vcjkaf,76,timePressure,0.25,left,right,465,false,false,Mon Dec 01 2025 12:41:31 GMT+0530 (India Standard Time)
P_1764572921592_vcjkaf,76,timePressure,0.25,left,right,465,false,false,Mon Dec 01 2025 12:41:31 GMT+0530 (India Standard Time)
P_1764572921592_vcjkaf,77,timePressure,0.1,left,left,518,true,false,Mon Dec 01 2025 12:41:32 GMT+0530 (India Standard Time)
P_1764572921592_vcjkaf,77,timePressure,0.1,left,left,518,true,false,Mon Dec 01 2025 12:41:32 GMT+0530 (India Standard Time)
P_1764572921592_vcjkaf,78,timePressure,0.1,right,right,423,true,false,Mon Dec 01 2025 12:41:34 GMT+0530 (India Standard Time)
P_1764572921592_vcjkaf,78,timePressure,0.1,right,right,423,true,false,Mon Dec 01 2025 12:41:34 GMT+0530 (India Standard Time)
P_1764572921592_vcjkaf,79,timePressure,0.4,right,left,438,false,false,Mon Dec 01 2025 12:41:35 GMT+0530 (India Standard Time)
P_1764572921592_vcjkaf,79,timePressure,0.4,right,left,438,false,false,Mon Dec 01 2025 12:41:35 GMT+0530 (India Standard Time)
P_1764572921592_vcjkaf,80,timePressure,0.25,left,right,233,false,false,Mon Dec 01 2025 12:41:36 GMT+0530 (India Standard Time)
P_1764572921592_vcjkaf,80,timePressure,0.25,left,right,233,false,false,Mon Dec 01 2025 12:41:36 GMT+0530 (India Standard Time)
P_1764609180232_8cm9wx,1,baseline,0.1,right,right,2768,true,false,Mon Dec 01 2025 22:44:03 GMT+0530 (India Standard Time)
P_1764609180232_8cm9wx,2,baseline,0.25,left,left,772,true,false,Mon Dec 01 2025 22:44:05 GMT+0530 (India Standard Time)
P_1764609180232_8cm9wx,3,baseline,0.1,right,right,1861,true,false,Mon Dec 01 2025 22:44:08 GMT+0530 (India Standard Time)
P_1764609180232_8cm9wx,4,baseline,0.4,right,right,1283,true,false,Mon Dec 01 2025 22:44:10 GMT+0530 (India Standard Time)
P_1764609180232_8cm9wx,5,baseline,0.1,left,left,826,true,false,Mon Dec 01 2025 22:44:12 GMT+0530 (India Standard Time)
P_1764609180232_8cm9wx,6,baseline,0.1,right,right,3024,true,false,Mon Dec 01 2025 22:44:15 GMT+0530 (India Standard Time)
P_1764609180232_8cm9wx,7,baseline,0.4,left,left,690,true,false,Mon Dec 01 2025 22:44:17 GMT+0530 (India Standard Time)
P_1764609180232_8cm9wx,8,baseline,0.1,right,left,988,false,false,Mon Dec 01 2025 22:44:19 GMT+0530 (India Standard Time)
P_1764609180232_8cm9wx,9,baseline,0.4,right,right,1765,true,false,Mon Dec 01 2025 22:44:21 GMT+0530 (India Standard Time)
P_1764609180232_8cm9wx,10,baseline,0.4,right,right,977,true,false,Mon Dec 01 2025 22:44:23 GMT+0530 (India Standard Time)
P_1764609180232_8cm9wx,11,baseline,0.4,left,left,818,true,false,Mon Dec 01 2025 22:44:25 GMT+0530 (India Standard Time)
P_1764609180232_8cm9wx,12,baseline,0.4,right,right,702,true,false,Mon Dec 01 2025 22:44:26 GMT+0530 (India Standard Time)
P_1764609180232_8cm9wx,13,baseline,0.1,left,left,780,true,false,Mon Dec 01 2025 22:44:28 GMT+0530 (India Standard Time)
P_1764609180232_8cm9wx,14,baseline,0.4,left,left,744,true,false,Mon Dec 01 2025 22:44:29 GMT+0530 (India Standard Time)
P_1764609180232_8cm9wx,15,baseline,0.1,left,right,1471,false,false,Mon Dec 01 2025 22:44:32 GMT+0530 (India Standard Time)
P_1764609180232_8cm9wx,16,baseline,0.1,right,right,1892,true,false,Mon Dec 01 2025 22:44:34 GMT+0530 (India Standard Time)
P_1764609180232_8cm9wx,17,baseline,0.25,left,left,1046,true,false,Mon Dec 01 2025 22:44:36 GMT+0530 (India Standard Time)
P_1764609180232_8cm9wx,18,baseline,0.25,right,left,839,false,false,Mon Dec 01 2025 22:44:38 GMT+0530 (India Standard Time)
P_1764609180232_8cm9wx,19,baseline,0.1,left,left,2292,true,false,Mon Dec 01 2025 22:44:41 GMT+0530 (India Standard Time)
P_1764609180232_8cm9wx,20,baseline,0.25,left,left,636,true,false,Mon Dec 01 2025 22:44:42 GMT+0530 (India Standard Time)
P_1764609180232_8cm9wx,21,baseline,0.25,right,right,1461,true,false,Mon Dec 01 2025 22:44:45 GMT+0530 (India Standard Time)
P_1764609180232_8cm9wx,21,baseline,0.25,right,right,1461,true,false,Mon Dec 01 2025 22:44:45 GMT+0530 (India Standard Time)
P_1764609180232_8cm9wx,22,baseline,0.25,right,right,734,true,false,Mon Dec 01 2025 22:44:46 GMT+0530 (India Standard Time)
P_1764609180232_8cm9wx,22,baseline,0.25,right,right,734,true,false,Mon Dec 01 2025 22:44:46 GMT+0530 (India Standard Time)
P_1764609180232_8cm9wx,23,baseline,0.25,left,left,740,true,false,Mon Dec 01 2025 22:44:48 GMT+0530 (India Standard Time)
P_1764609180232_8cm9wx,23,baseline,0.25,left,left,740,true,false,Mon Dec 01 2025 22:44:48 GMT+0530 (India Standard Time)
P_1764609180232_8cm9wx,24,baseline,0.25,right,right,665,true,false,Mon Dec 01 2025 22:44:49 GMT+0530 (India Standard Time)
P_1764609180232_8cm9wx,24,baseline,0.25,right,right,665,true,false,Mon Dec 01 2025 22:44:49 GMT+0530 (India Standard Time)
P_1764609180232_8cm9wx,25,baseline,0.25,left,left,1159,true,false,Mon Dec 01 2025 22:44:51 GMT+0530 (India Standard Time)
P_1764609180232_8cm9wx,25,baseline,0.25,left,left,1159,true,false,Mon Dec 01 2025 22:44:51 GMT+0530 (India Standard Time)
P_1764609180232_8cm9wx,26,baseline,0.25,left,left,614,true,false,Mon Dec 01 2025 22:44:53 GMT+0530 (India Standard Time)
P_1764609180232_8cm9wx,26,baseline,0.25,left,left,614,true,false,Mon Dec 01 2025 22:44:53 GMT+0530 (India Standard Time)
P_1764609180232_8cm9wx,27,baseline,0.1,left,left,3573,true,false,Mon Dec 01 2025 22:44:57 GMT+0530 (India Standard Time)
P_1764609180232_8cm9wx,27,baseline,0.1,left,left,3573,true,false,Mon Dec 01 2025 22:44:57 GMT+0530 (India Standard Time)
P_1764609180232_8cm9wx,28,baseline,0.4,right,right,663,true,false,Mon Dec 01 2025 22:44:59 GMT+0530 (India Standard Time)
P_1764609180232_8cm9wx,28,baseline,0.4,right,right,663,true,false,Mon Dec 01 2025 22:44:59 GMT+0530 (India Standard Time)
P_1764609180232_8cm9wx,29,baseline,0.25,left,left,673,true,false,Mon Dec 01 2025 22:45:00 GMT+0530 (India Standard Time)
P_1764609180232_8cm9wx,29,baseline,0.25,left,left,673,true,false,Mon Dec 01 2025 22:45:00 GMT+0530 (India Standard Time)
P_1764609180232_8cm9wx,30,baseline,0.25,right,right,610,true,false,Mon Dec 01 2025 22:45:02 GMT+0530 (India Standard Time)
P_1764609180232_8cm9wx,30,baseline,0.25,right,right,610,true,false,Mon Dec 01 2025 22:45:02 GMT+0530 (India Standard Time)
P_1764609180232_8cm9wx,31,baseline,0.25,right,right,503,true,false,Mon Dec 01 2025 22:45:03 GMT+0530 (India Standard Time)
P_1764609180232_8cm9wx,31,baseline,0.25,right,right,503,true,false,Mon Dec 01 2025 22:45:03 GMT+0530 (India Standard Time)
P_1764609180232_8cm9wx,32,baseline,0.1,right,right,648,true,false,Mon Dec 01 2025 22:45:04 GMT+0530 (India Standard Time)
P_1764609180232_8cm9wx,32,baseline,0.1,right,right,648,true,false,Mon Dec 01 2025 22:45:04 GMT+0530 (India Standard Time)
P_1764609180232_8cm9wx,33,baseline,0.1,left,left,1344,true,false,Mon Dec 01 2025 22:45:07 GMT+0530 (India Standard Time)
P_1764609180232_8cm9wx,33,baseline,0.1,left,left,1344,true,false,Mon Dec 01 2025 22:45:07 GMT+0530 (India Standard Time)
P_1764609180232_8cm9wx,34,baseline,0.4,left,left,622,true,false,Mon Dec 01 2025 22:45:08 GMT+0530 (India Standard Time)
P_1764609180232_8cm9wx,34,baseline,0.4,left,left,622,true,false,Mon Dec 01 2025 22:45:08 GMT+0530 (India Standard Time)
P_1764609180232_8cm9wx,35,baseline,0.25,right,right,1302,true,false,Mon Dec 01 2025 22:45:10 GMT+0530 (India Standard Time)
P_1764609180232_8cm9wx,35,baseline,0.25,right,right,1302,true,false,Mon Dec 01 2025 22:45:10 GMT+0530 (India Standard Time)
P_1764609180232_8cm9wx,36,baseline,0.4,left,left,561,true,false,Mon Dec 01 2025 22:45:12 GMT+0530 (India Standard Time)
P_1764609180232_8cm9wx,36,baseline,0.4,left,left,561,true,false,Mon Dec 01 2025 22:45:12 GMT+0530 (India Standard Time)
P_1764609180232_8cm9wx,37,baseline,0.1,right,right,719,true,false,Mon Dec 01 2025 22:45:13 GMT+0530 (India Standard Time)
P_1764609180232_8cm9wx,37,baseline,0.1,right,right,719,true,false,Mon Dec 01 2025 22:45:13 GMT+0530 (India Standard Time)
P_1764609180232_8cm9wx,38,baseline,0.4,right,right,584,true,false,Mon Dec 01 2025 22:45:15 GMT+0530 (India Standard Time)
P_1764609180232_8cm9wx,38,baseline,0.4,right,right,584,true,false,Mon Dec 01 2025 22:45:15 GMT+0530 (India Standard Time)
P_1764609180232_8cm9wx,39,baseline,0.4,left,left,530,true,false,Mon Dec 01 2025 22:45:16 GMT+0530 (India Standard Time)
P_1764609180232_8cm9wx,39,baseline,0.4,left,left,530,true,false,Mon Dec 01 2025 22:45:16 GMT+0530 (India Standard Time)
P_1764609180232_8cm9wx,40,baseline,0.4,right,right,703,true,false,Mon Dec 01 2025 22:45:17 GMT+0530 (India Standard Time)
P_1764609180232_8cm9wx,40,baseline,0.4,right,right,703,true,false,Mon Dec 01 2025 22:45:17 GMT+0530 (India Standard Time)
P_1764609180232_8cm9wx,41,timePressure,0.1,left,timeout,,false,true,Mon Dec 01 2025 22:45:23 GMT+0530 (India Standard Time)
P_1764609180232_8cm9wx,42,timePressure,0.1,right,left,469,false,false,Mon Dec 01 2025 22:45:25 GMT+0530 (India Standard Time)
P_1764609180232_8cm9wx,43,timePressure,0.4,right,right,413,true,false,Mon Dec 01 2025 22:45:26 GMT+0530 (India Standard Time)
P_1764609180232_8cm9wx,44,timePressure,0.1,right,left,377,false,false,Mon Dec 01 2025 22:45:27 GMT+0530 (India Standard Time)
P_1764609180232_8cm9wx,45,timePressure,0.25,left,left,579,true,false,Mon Dec 01 2025 22:45:29 GMT+0530 (India Standard Time)
P_1764609180232_8cm9wx,46,timePressure,0.1,right,right,392,true,false,Mon Dec 01 2025 22:45:30 GMT+0530 (India Standard Time)
P_1764609180232_8cm9wx,47,timePressure,0.25,right,left,763,false,false,Mon Dec 01 2025 22:45:31 GMT+0530 (India Standard Time)
P_1764609180232_8cm9wx,48,timePressure,0.4,right,right,568,true,false,Mon Dec 01 2025 22:45:33 GMT+0530 (India Standard Time)
P_1764609180232_8cm9wx,49,timePressure,0.1,left,right,514,false,false,Mon Dec 01 2025 22:45:34 GMT+0530 (India Standard Time)
P_1764609180232_8cm9wx,50,timePressure,0.4,right,right,528,true,false,Mon Dec 01 2025 22:45:36 GMT+0530 (India Standard Time)
P_1764609180232_8cm9wx,51,timePressure,0.25,right,right,470,true,false,Mon Dec 01 2025 22:45:37 GMT+0530 (India Standard Time)
P_1764609180232_8cm9wx,52,timePressure,0.4,left,left,455,true,false,Mon Dec 01 2025 22:45:38 GMT+0530 (India Standard Time)
P_1764609180232_8cm9wx,53,timePressure,0.25,right,right,477,true,false,Mon Dec 01 2025 22:45:39 GMT+0530 (India Standard Time)
P_1764609180232_8cm9wx,54,timePressure,0.1,right,right,583,true,false,Mon Dec 01 2025 22:45:41 GMT+0530 (India Standard Time)
P_1764609180232_8cm9wx,55,timePressure,0.4,left,left,488,true,false,Mon Dec 01 2025 22:45:42 GMT+0530 (India Standard Time)
P_1764609180232_8cm9wx,56,timePressure,0.25,right,right,523,true,false,Mon Dec 01 2025 22:45:43 GMT+0530 (India Standard Time)
P_1764609180232_8cm9wx,57,timePressure,0.4,right,right,495,true,false,Mon Dec 01 2025 22:45:45 GMT+0530 (India Standard Time)
P_1764609180232_8cm9wx,58,timePressure,0.4,left,left,475,true,false,Mon Dec 01 2025 22:45:46 GMT+0530 (India Standard Time)
P_1764609180232_8cm9wx,59,timePressure,0.25,left,left,741,true,false,Mon Dec 01 2025 22:45:48 GMT+0530 (India Standard Time)
P_1764609180232_8cm9wx,60,timePressure,0.25,left,left,722,true,false,Mon Dec 01 2025 22:45:49 GMT+0530 (India Standard Time)
P_1764609180232_8cm9wx,61,timePressure,0.1,right,right,547,true,false,Mon Dec 01 2025 22:45:51 GMT+0530 (India Standard Time)
P_1764609180232_8cm9wx,61,timePressure,0.1,right,right,547,true,false,Mon Dec 01 2025 22:45:51 GMT+0530 (India Standard Time)
P_1764609180232_8cm9wx,62,timePressure,0.25,left,left,481,true,false,Mon Dec 01 2025 22:45:52 GMT+0530 (India Standard Time)
P_1764609180232_8cm9wx,62,timePressure,0.25,left,left,481,true,false,Mon Dec 01 2025 22:45:52 GMT+0530 (India Standard Time)
P_1764609180232_8cm9wx,63,timePressure,0.25,right,right,517,true,false,Mon Dec 01 2025 22:45:53 GMT+0530 (India Standard Time)
P_1764609180232_8cm9wx,63,timePressure,0.25,right,right,517,true,false,Mon Dec 01 2025 22:45:53 GMT+0530 (India Standard Time)
P_1764609180232_8cm9wx,64,timePressure,0.4,right,right,595,true,false,Mon Dec 01 2025 22:45:55 GMT+0530 (India Standard Time)
P_1764609180232_8cm9wx,64,timePressure,0.4,right,right,595,true,false,Mon Dec 01 2025 22:45:55 GMT+0530 (India Standard Time)
P_1764609180232_8cm9wx,65,timePressure,0.25,right,right,477,true,false,Mon Dec 01 2025 22:45:56 GMT+0530 (India Standard Time)
P_1764609180232_8cm9wx,65,timePressure,0.25,right,right,477,true,false,Mon Dec 01 2025 22:45:56 GMT+0530 (India Standard Time)
P_1764609180232_8cm9wx,66,timePressure,0.4,left,left,522,true,false,Mon Dec 01 2025 22:45:57 GMT+0530 (India Standard Time)
P_1764609180232_8cm9wx,66,timePressure,0.4,left,left,522,true,false,Mon Dec 01 2025 22:45:57 GMT+0530 (India Standard Time)
P_1764609180232_8cm9wx,67,timePressure,0.4,left,left,471,true,false,Mon Dec 01 2025 22:45:59 GMT+0530 (India Standard Time)
P_1764609180232_8cm9wx,67,timePressure,0.4,left,left,471,true,false,Mon Dec 01 2025 22:45:59 GMT+0530 (India Standard Time)
P_1764609180232_8cm9wx,68,timePressure,0.25,left,left,450,true,false,Mon Dec 01 2025 22:46:00 GMT+0530 (India Standard Time)
P_1764609180232_8cm9wx,68,timePressure,0.25,left,left,450,true,false,Mon Dec 01 2025 22:46:00 GMT+0530 (India Standard Time)
P_1764609180232_8cm9wx,69,timePressure,0.25,right,right,428,true,false,Mon Dec 01 2025 22:46:01 GMT+0530 (India Standard Time)
P_1764609180232_8cm9wx,69,timePressure,0.25,right,right,428,true,false,Mon Dec 01 2025 22:46:01 GMT+0530 (India Standard Time)
P_1764609180232_8cm9wx,70,timePressure,0.1,left,left,537,true,false,Mon Dec 01 2025 22:46:02 GMT+0530 (India Standard Time)
P_1764609180232_8cm9wx,70,timePressure,0.1,left,left,537,true,false,Mon Dec 01 2025 22:46:02 GMT+0530 (India Standard Time)
P_1764609180232_8cm9wx,71,timePressure,0.1,right,left,780,false,false,Mon Dec 01 2025 22:46:04 GMT+0530 (India Standard Time)
P_1764609180232_8cm9wx,71,timePressure,0.1,right,left,780,false,false,Mon Dec 01 2025 22:46:04 GMT+0530 (India Standard Time)
P_1764609180232_8cm9wx,72,timePressure,0.1,left,right,489,false,false,Mon Dec 01 2025 22:46:05 GMT+0530 (India Standard Time)
P_1764609180232_8cm9wx,72,timePressure,0.1,left,right,489,false,false,Mon Dec 01 2025 22:46:05 GMT+0530 (India Standard Time)
P_1764609180232_8cm9wx,73,timePressure,0.4,right,right,541,true,false,Mon Dec 01 2025 22:46:07 GMT+0530 (India Standard Time)
P_1764609180232_8cm9wx,73,timePressure,0.4,right,right,541,true,false,Mon Dec 01 2025 22:46:07 GMT+0530 (India Standard Time)
P_1764609180232_8cm9wx,74,timePressure,0.1,right,right,635,true,false,Mon Dec 01 2025 22:46:08 GMT+0530 (India Standard Time)
P_1764609180232_8cm9wx,74,timePressure,0.1,right,right,635,true,false,Mon Dec 01 2025 22:46:08 GMT+0530 (India Standard Time)
P_1764609180232_8cm9wx,75,timePressure,0.25,left,left,530,true,false,Mon Dec 01 2025 22:46:09 GMT+0530 (India Standard Time)
P_1764609180232_8cm9wx,75,timePressure,0.25,left,left,530,true,false,Mon Dec 01 2025 22:46:09 GMT+0530 (India Standard Time)
P_1764609180232_8cm9wx,76,timePressure,0.4,left,left,447,true,false,Mon Dec 01 2025 22:46:11 GMT+0530 (India Standard Time)
P_1764609180232_8cm9wx,76,timePressure,0.4,left,left,447,true,false,Mon Dec 01 2025 22:46:11 GMT+0530 (India Standard Time)
P_1764609180232_8cm9wx,77,timePressure,0.1,left,right,560,false,false,Mon Dec 01 2025 22:46:12 GMT+0530 (India Standard Time)
P_1764609180232_8cm9wx,77,timePressure,0.1,left,right,560,false,false,Mon Dec 01 2025 22:46:12 GMT+0530 (India Standard Time)
P_1764609180232_8cm9wx,78,timePressure,0.4,right,left,558,false,false,Mon Dec 01 2025 22:46:14 GMT+0530 (India Standard Time)
P_1764609180232_8cm9wx,78,timePressure,0.4,right,left,558,false,false,Mon Dec 01 2025 22:46:14 GMT+0530 (India Standard Time)
P_1764609180232_8cm9wx,79,timePressure,0.1,left,timeout,,false,true,Mon Dec 01 2025 22:46:15 GMT+0530 (India Standard Time)
P_1764609180232_8cm9wx,79,timePressure,0.1,left,timeout,,false,true,Mon Dec 01 2025 22:46:15 GMT+0530 (India Standard Time)
P_1764609180232_8cm9wx,80,timePressure,0.25,left,left,575,true,false,Mon Dec 01 2025 22:46:17 GMT+0530 (India Standard Time)
P_1764609180232_8cm9wx,80,timePressure,0.25,left,left,575,true,false,Mon Dec 01 2025 22:46:17 GMT+0530 (India Standard Time)
P_1764615767170_usqumy,1,baseline,0.4,right,right,2826,true,false,Tue Dec 02 2025 00:34:52 GMT+0530 (India Standard Time)
P_1764615767170_usqumy,2,baseline,0.4,right,right,1476,true,false,Tue Dec 02 2025 00:34:54 GMT+0530 (India Standard Time)
P_1764615767170_usqumy,3,baseline,0.25,left,right,2231,false,false,Tue Dec 02 2025 00:34:57 GMT+0530 (India Standard Time)
P_1764615767170_usqumy,4,baseline,0.25,right,left,2918,false,false,Tue Dec 02 2025 00:35:01 GMT+0530 (India Standard Time)
P_1764615767170_usqumy,5,baseline,0.4,left,left,1140,true,false,Tue Dec 02 2025 00:35:03 GMT+0530 (India Standard Time)
P_1764615767170_usqumy,6,baseline,0.1,right,left,3719,false,false,Tue Dec 02 2025 00:35:08 GMT+0530 (India Standard Time)
P_1764615767170_usqumy,7,baseline,0.4,left,left,1219,true,false,Tue Dec 02 2025 00:35:10 GMT+0530 (India Standard Time)
P_1764615767170_usqumy,8,baseline,0.1,left,right,2487,false,false,Tue Dec 02 2025 00:35:13 GMT+0530 (India Standard Time)
P_1764615767170_usqumy,9,baseline,0.1,right,left,3125,false,false,Tue Dec 02 2025 00:35:17 GMT+0530 (India Standard Time)
P_1764615767170_usqumy,10,baseline,0.25,right,left,888,false,false,Tue Dec 02 2025 00:35:19 GMT+0530 (India Standard Time)
P_1764615767170_usqumy,11,baseline,0.4,left,left,861,true,false,Tue Dec 02 2025 00:35:20 GMT+0530 (India Standard Time)
P_1764615767170_usqumy,12,baseline,0.1,right,right,806,true,false,Tue Dec 02 2025 00:35:22 GMT+0530 (India Standard Time)
P_1764615767170_usqumy,13,baseline,0.25,right,left,901,false,false,Tue Dec 02 2025 00:35:24 GMT+0530 (India Standard Time)
P_1764615767170_usqumy,14,baseline,0.4,right,right,548,true,false,Tue Dec 02 2025 00:35:25 GMT+0530 (India Standard Time)
P_1764615767170_usqumy,15,baseline,0.4,left,left,583,true,false,Tue Dec 02 2025 00:35:26 GMT+0530 (India Standard Time)
P_1764615767170_usqumy,16,baseline,0.1,right,right,1840,true,false,Tue Dec 02 2025 00:35:29 GMT+0530 (India Standard Time)
P_1764615767170_usqumy,17,baseline,0.25,right,right,787,true,false,Tue Dec 02 2025 00:35:31 GMT+0530 (India Standard Time)
P_1764615767170_usqumy,18,baseline,0.25,right,right,938,true,false,Tue Dec 02 2025 00:35:32 GMT+0530 (India Standard Time)
P_1764615767170_usqumy,19,baseline,0.1,left,left,630,true,false,Tue Dec 02 2025 00:35:34 GMT+0530 (India Standard Time)
P_1764615767170_usqumy,20,baseline,0.4,right,right,1633,true,false,Tue Dec 02 2025 00:35:36 GMT+0530 (India Standard Time)
P_1764615767170_usqumy,21,baseline,0.1,right,left,1777,false,false,Tue Dec 02 2025 00:35:39 GMT+0530 (India Standard Time)
P_1764615767170_usqumy,21,baseline,0.1,right,left,1777,false,false,Tue Dec 02 2025 00:35:39 GMT+0530 (India Standard Time)
P_1764615767170_usqumy,22,baseline,0.1,left,right,2041,false,false,Tue Dec 02 2025 00:35:42 GMT+0530 (India Standard Time)
P_1764615767170_usqumy,22,baseline,0.1,left,right,2041,false,false,Tue Dec 02 2025 00:35:42 GMT+0530 (India Standard Time)
P_1764615767170_usqumy,23,baseline,0.1,right,right,2832,true,false,Tue Dec 02 2025 00:35:45 GMT+0530 (India Standard Time)
P_1764615767170_usqumy,23,baseline,0.1,right,right,2832,true,false,Tue Dec 02 2025 00:35:45 GMT+0530 (India Standard Time)
P_1764615767170_usqumy,24,baseline,0.25,left,left,1825,true,false,Tue Dec 02 2025 00:35:48 GMT+0530 (India Standard Time)
P_1764615767170_usqumy,24,baseline,0.25,left,left,1825,true,false,Tue Dec 02 2025 00:35:48 GMT+0530 (India Standard Time)
P_1764615767170_usqumy,25,baseline,0.1,left,left,1752,true,false,Tue Dec 02 2025 00:35:51 GMT+0530 (India Standard Time)
P_1764615767170_usqumy,25,baseline,0.1,left,left,1752,true,false,Tue Dec 02 2025 00:35:51 GMT+0530 (India Standard Time)
P_1764615767170_usqumy,26,baseline,0.25,left,left,1504,true,false,Tue Dec 02 2025 00:35:53 GMT+0530 (India Standard Time)
P_1764615767170_usqumy,26,baseline,0.25,left,left,1504,true,false,Tue Dec 02 2025 00:35:53 GMT+0530 (India Standard Time)
P_1764615767170_usqumy,27,baseline,0.25,right,left,2388,false,false,Tue Dec 02 2025 00:35:56 GMT+0530 (India Standard Time)
P_1764615767170_usqumy,27,baseline,0.25,right,left,2388,false,false,Tue Dec 02 2025 00:35:56 GMT+0530 (India Standard Time)
P_1764615767170_usqumy,28,baseline,0.25,right,left,1552,false,false,Tue Dec 02 2025 00:35:59 GMT+0530 (India Standard Time)
P_1764615767170_usqumy,28,baseline,0.25,right,left,1552,false,false,Tue Dec 02 2025 00:35:59 GMT+0530 (India Standard Time)
P_1764615767170_usqumy,29,baseline,0.1,right,left,963,false,false,Tue Dec 02 2025 00:36:00 GMT+0530 (India Standard Time)
P_1764615767170_usqumy,29,baseline,0.1,right,left,963,false,false,Tue Dec 02 2025 00:36:00 GMT+0530 (India Standard Time)
P_1764615767170_usqumy,30,baseline,0.4,left,left,1367,true,false,Tue Dec 02 2025 00:36:03 GMT+0530 (India Standard Time)
P_1764615767170_usqumy,30,baseline,0.4,left,left,1367,true,false,Tue Dec 02 2025 00:36:03 GMT+0530 (India Standard Time)
P_1764615767170_usqumy,31,baseline,0.4,right,right,940,true,false,Tue Dec 02 2025 00:36:04 GMT+0530 (India Standard Time)
P_1764615767170_usqumy,31,baseline,0.4,right,right,940,true,false,Tue Dec 02 2025 00:36:04 GMT+0530 (India Standard Time)
P_1764615767170_usqumy,32,baseline,0.25,left,left,2032,true,false,Tue Dec 02 2025 00:36:07 GMT+0530 (India Standard Time)
P_1764615767170_usqumy,32,baseline,0.25,left,left,2032,true,false,Tue Dec 02 2025 00:36:07 GMT+0530 (India Standard Time)
P_1764615767170_usqumy,33,baseline,0.25,left,left,907,true,false,Tue Dec 02 2025 00:36:09 GMT+0530 (India Standard Time)
P_1764615767170_usqumy,33,baseline,0.25,left,left,907,true,false,Tue Dec 02 2025 00:36:09 GMT+0530 (India Standard Time)
P_1764615767170_usqumy,34,baseline,0.1,left,right,1863,false,false,Tue Dec 02 2025 00:36:12 GMT+0530 (India Standard Time)
P_1764615767170_usqumy,34,baseline,0.1,left,right,1863,false,false,Tue Dec 02 2025 00:36:12 GMT+0530 (India Standard Time)
P_1764615767170_usqumy,35,baseline,0.4,right,right,899,true,false,Tue Dec 02 2025 00:36:13 GMT+0530 (India Standard Time)
P_1764615767170_usqumy,35,baseline,0.4,right,right,899,true,false,Tue Dec 02 2025 00:36:13 GMT+0530 (India Standard Time)
P_1764615767170_usqumy,36,baseline,0.25,left,left,923,true,false,Tue Dec 02 2025 00:36:15 GMT+0530 (India Standard Time)
P_1764615767170_usqumy,36,baseline,0.25,left,left,923,true,false,Tue Dec 02 2025 00:36:15 GMT+0530 (India Standard Time)
P_1764615767170_usqumy,37,baseline,0.4,left,left,769,true,false,Tue Dec 02 2025 00:36:17 GMT+0530 (India Standard Time)
P_1764615767170_usqumy,37,baseline,0.4,left,left,769,true,false,Tue Dec 02 2025 00:36:17 GMT+0530 (India Standard Time)
P_1764615767170_usqumy,38,baseline,0.1,left,left,601,true,false,Tue Dec 02 2025 00:36:18 GMT+0530 (India Standard Time)
P_1764615767170_usqumy,38,baseline,0.1,left,left,601,true,false,Tue Dec 02 2025 00:36:18 GMT+0530 (India Standard Time)
P_1764615767170_usqumy,39,baseline,0.4,right,right,689,true,false,Tue Dec 02 2025 00:36:19 GMT+0530 (India Standard Time)
P_1764615767170_usqumy,39,baseline,0.4,right,right,689,true,false,Tue Dec 02 2025 00:36:19 GMT+0530 (India Standard Time)
P_1764615767170_usqumy,40,baseline,0.25,left,left,2632,true,false,Tue Dec 02 2025 00:36:23 GMT+0530 (India Standard Time)
P_1764615767170_usqumy,40,baseline,0.25,left,left,2632,true,false,Tue Dec 02 2025 00:36:23 GMT+0530 (India Standard Time)
P_1764615767170_usqumy,41,timePressure,0.1,left,left,534,true,false,Tue Dec 02 2025 00:36:45 GMT+0530 (India Standard Time)
P_1764615767170_usqumy,41,timePressure,0.1,left,left,534,true,false,Tue Dec 02 2025 00:36:45 GMT+0530 (India Standard Time)
P_1764615767170_usqumy,42,timePressure,0.4,left,left,446,true,false,Tue Dec 02 2025 00:36:46 GMT+0530 (India Standard Time)
P_1764615767170_usqumy,42,timePressure,0.4,left,left,446,true,false,Tue Dec 02 2025 00:36:46 GMT+0530 (India Standard Time)
P_1764615767170_usqumy,43,timePressure,0.1,right,left,417,false,false,Tue Dec 02 2025 00:36:47 GMT+0530 (India Standard Time)
P_1764615767170_usqumy,43,timePressure,0.1,right,left,417,false,false,Tue Dec 02 2025 00:36:47 GMT+0530 (India Standard Time)
P_1764615767170_usqumy,44,timePressure,0.1,right,right,296,true,false,Tue Dec 02 2025 00:36:48 GMT+0530 (India Standard Time)
P_1764615767170_usqumy,44,timePressure,0.1,right,right,296,true,false,Tue Dec 02 2025 00:36:48 GMT+0530 (India Standard Time)
P_1764615767170_usqumy,45,timePressure,0.25,left,right,650,false,false,Tue Dec 02 2025 00:36:50 GMT+0530 (India Standard Time)
P_1764615767170_usqumy,45,timePressure,0.25,left,right,650,false,false,Tue Dec 02 2025 00:36:50 GMT+0530 (India Standard Time)
P_1764615767170_usqumy,46,timePressure,0.25,left,right,677,false,false,Tue Dec 02 2025 00:36:51 GMT+0530 (India Standard Time)
P_1764615767170_usqumy,46,timePressure,0.25,left,right,677,false,false,Tue Dec 02 2025 00:36:51 GMT+0530 (India Standard Time)
P_1764615767170_usqumy,47,timePressure,0.4,left,left,396,true,false,Tue Dec 02 2025 00:36:53 GMT+0530 (India Standard Time)
P_1764615767170_usqumy,47,timePressure,0.4,left,left,396,true,false,Tue Dec 02 2025 00:36:53 GMT+0530 (India Standard Time)
P_1764615767170_usqumy,48,timePressure,0.1,right,right,495,true,false,Tue Dec 02 2025 00:36:54 GMT+0530 (India Standard Time)
P_1764615767170_usqumy,48,timePressure,0.1,right,right,495,true,false,Tue Dec 02 2025 00:36:54 GMT+0530 (India Standard Time)
P_1764615767170_usqumy,49,timePressure,0.25,right,right,517,true,false,Tue Dec 02 2025 00:36:55 GMT+0530 (India Standard Time)
P_1764615767170_usqumy,49,timePressure,0.25,right,right,517,true,false,Tue Dec 02 2025 00:36:55 GMT+0530 (India Standard Time)
P_1764615767170_usqumy,50,timePressure,0.25,left,left,604,true,false,Tue Dec 02 2025 00:36:57 GMT+0530 (India Standard Time)
P_1764615767170_usqumy,50,timePressure,0.25,left,left,604,true,false,Tue Dec 02 2025 00:36:57 GMT+0530 (India Standard Time)
P_1764615767170_usqumy,51,timePressure,0.1,left,left,456,true,false,Tue Dec 02 2025 00:36:58 GMT+0530 (India Standard Time)
P_1764615767170_usqumy,51,timePressure,0.1,left,left,456,true,false,Tue Dec 02 2025 00:36:58 GMT+0530 (India Standard Time)
P_1764615767170_usqumy,52,timePressure,0.4,right,right,487,true,false,Tue Dec 02 2025 00:36:59 GMT+0530 (India Standard Time)
P_1764615767170_usqumy,52,timePressure,0.4,right,right,487,true,false,Tue Dec 02 2025 00:36:59 GMT+0530 (India Standard Time)
P_1764615767170_usqumy,53,timePressure,0.4,left,left,364,true,false,Tue Dec 02 2025 00:37:00 GMT+0530 (India Standard Time)
P_1764615767170_usqumy,53,timePressure,0.4,left,left,364,true,false,Tue Dec 02 2025 00:37:00 GMT+0530 (India Standard Time)
P_1764615767170_usqumy,54,timePressure,0.25,right,right,325,true,false,Tue Dec 02 2025 00:37:02 GMT+0530 (India Standard Time)
P_1764615767170_usqumy,54,timePressure,0.25,right,right,325,true,false,Tue Dec 02 2025 00:37:02 GMT+0530 (India Standard Time)
P_1764615767170_usqumy,55,timePressure,0.4,right,left,714,false,false,Tue Dec 02 2025 00:37:03 GMT+0530 (India Standard Time)
P_1764615767170_usqumy,55,timePressure,0.4,right,left,714,false,false,Tue Dec 02 2025 00:37:03 GMT+0530 (India Standard Time)
P_1764615767170_usqumy,56,timePressure,0.25,left,left,499,true,false,Tue Dec 02 2025 00:37:04 GMT+0530 (India Standard Time)
P_1764615767170_usqumy,56,timePressure,0.25,left,left,499,true,false,Tue Dec 02 2025 00:37:04 GMT+0530 (India Standard Time)
P_1764615767170_usqumy,57,timePressure,0.25,right,right,637,true,false,Tue Dec 02 2025 00:37:06 GMT+0530 (India Standard Time)
P_1764615767170_usqumy,57,timePressure,0.25,right,right,637,true,false,Tue Dec 02 2025 00:37:06 GMT+0530 (India Standard Time)
P_1764615767170_usqumy,58,timePressure,0.1,left,left,443,true,false,Tue Dec 02 2025 00:37:07 GMT+0530 (India Standard Time)
P_1764615767170_usqumy,58,timePressure,0.1,left,left,443,true,false,Tue Dec 02 2025 00:37:07 GMT+0530 (India Standard Time)
P_1764615767170_usqumy,59,timePressure,0.25,right,right,498,true,false,Tue Dec 02 2025 00:37:08 GMT+0530 (India Standard Time)
P_1764615767170_usqumy,59,timePressure,0.25,right,right,498,true,false,Tue Dec 02 2025 00:37:08 GMT+0530 (India Standard Time)
P_1764615767170_usqumy,60,timePressure,0.4,right,right,665,true,false,Tue Dec 02 2025 00:37:10 GMT+0530 (India Standard Time)
P_1764615767170_usqumy,60,timePressure,0.4,right,right,665,true,false,Tue Dec 02 2025 00:37:10 GMT+0530 (India Standard Time)
P_1764615767170_usqumy,61,timePressure,0.4,right,left,438,false,false,Tue Dec 02 2025 00:37:11 GMT+0530 (India Standard Time)
P_1764615767170_usqumy,62,timePressure,0.1,left,left,633,true,false,Tue Dec 02 2025 00:37:13 GMT+0530 (India Standard Time)
P_1764615767170_usqumy,63,timePressure,0.1,right,right,621,true,false,Tue Dec 02 2025 00:37:14 GMT+0530 (India Standard Time)
P_1764615767170_usqumy,64,timePressure,0.1,left,left,530,true,false,Tue Dec 02 2025 00:37:15 GMT+0530 (India Standard Time)
P_1764615767170_usqumy,65,timePressure,0.4,right,right,518,true,false,Tue Dec 02 2025 00:37:17 GMT+0530 (India Standard Time)
P_1764615767170_usqumy,66,timePressure,0.4,right,right,657,true,false,Tue Dec 02 2025 00:37:18 GMT+0530 (India Standard Time)
P_1764615767170_usqumy,67,timePressure,0.1,right,right,686,true,false,Tue Dec 02 2025 00:37:20 GMT+0530 (India Standard Time)
P_1764615767170_usqumy,68,timePressure,0.25,left,left,570,true,false,Tue Dec 02 2025 00:37:21 GMT+0530 (India Standard Time)
P_1764615767170_usqumy,69,timePressure,0.25,right,right,561,true,false,Tue Dec 02 2025 00:37:22 GMT+0530 (India Standard Time)
P_1764615767170_usqumy,70,timePressure,0.1,left,left,496,true,false,Tue Dec 02 2025 00:37:24 GMT+0530 (India Standard Time)
P_1764615767170_usqumy,71,timePressure,0.4,left,left,530,true,false,Tue Dec 02 2025 00:37:25 GMT+0530 (India Standard Time)
P_1764615767170_usqumy,72,timePressure,0.25,left,left,524,true,false,Tue Dec 02 2025 00:37:27 GMT+0530 (India Standard Time)
P_1764615767170_usqumy,73,timePressure,0.25,right,right,684,true,false,Tue Dec 02 2025 00:37:28 GMT+0530 (India Standard Time)
P_1764615767170_usqumy,74,timePressure,0.25,right,right,495,true,false,Tue Dec 02 2025 00:37:29 GMT+0530 (India Standard Time)
P_1764615767170_usqumy,75,timePressure,0.1,right,right,673,true,false,Tue Dec 02 2025 00:37:31 GMT+0530 (India Standard Time)
P_1764615767170_usqumy,76,timePressure,0.4,left,left,560,true,false,Tue Dec 02 2025 00:37:32 GMT+0530 (India Standard Time)
P_1764615767170_usqumy,77,timePressure,0.1,right,right,793,true,false,Tue Dec 02 2025 00:37:34 GMT+0530 (India Standard Time)
P_1764615767170_usqumy,78,timePressure,0.4,left,left,480,true,false,Tue Dec 02 2025 00:37:35 GMT+0530 (India Standard Time)
P_1764615767170_usqumy,79,timePressure,0.4,right,right,882,true,false,Tue Dec 02 2025 00:37:37 GMT+0530 (India Standard Time)
P_1764615767170_usqumy,80,timePressure,0.25,left,right,856,false,false,Tue Dec 02 2025 00:37:38 GMT+0530 (India Standard Time)
